instance_date,uv_index_daily_max
1999-12-31,0.304709
2000-01-01,0.316398
2000-01-02,0.329537
2000-01-03,0.388613
2000-01-04,0.384048
2000-01-05,0.354389
2000-01-06,0.333894
2000-01-07,0.287232
2000-01-10,0.326877
2000-01-11,0.337408
2000-01-12,0.17055
2000-01-13,0.143889
2000-01-14,0.260288
2000-01-15,0.345551
2000-01-16,0.321617
2000-01-17,0.299851
2000-01-18,0.449185
2000-01-19,0.427597
2000-01-20,0.387058
2000-01-21,0.415398
2000-01-22,0.215106
2000-01-23,0.408874
2000-01-24,0.345803
2000-01-25,0.383117
2000-01-26,0.41232
2000-01-28,0.429215
2000-01-31,0.53338
2000-02-01,0.294508
2000-02-02,0.234736
2000-02-03,0.660905
2000-02-04,0.568105
2000-02-05,0.573953
2000-02-06,0.535005
2000-02-07,0.535248
2000-02-08,0.506115
2000-02-09,0.541584
2000-02-10,0.563747
2000-02-11,0.261133
2000-02-12,0.53668
2000-02-13,0.604045
2000-02-14,0.600974
2000-02-15,0.45465
2000-02-16,0.206444
2000-02-17,0.450408
2000-02-18,0.515
2000-02-19,0.613063
2000-02-20,0.674157
2000-02-21,0.736892
2000-02-22,0.511106
2000-02-23,0.509415
2000-02-24,0.574717
2000-02-25,0.652178
2000-02-26,0.490599
2000-02-27,0.376215
2000-02-28,0.369621
2000-02-29,0.0769591
2000-03-01,0.161829
2000-03-02,0.913109
2000-03-03,0.809999
2000-03-04,0.864178
2000-03-05,1.08257
2000-03-06,0.819673
2000-03-07,0.832186
2000-03-08,0.915487
2000-03-09,1.13207
2000-03-10,1.14186
2000-03-11,0.902328
2000-03-12,0.438821
2000-03-13,0.860469
2000-03-14,0.90506
2000-03-16,1.16019
2000-03-17,0.819323
2000-03-18,0.702743
2000-03-19,0.792986
2000-03-20,0.863073
2000-03-21,1.0444
2000-03-22,0.93621
2000-03-23,0.53383
2000-03-24,0.258515
2000-03-25,0.679021
2000-03-26,0.119431
2000-03-27,0.363633
2000-03-28,0.578145
2000-03-29,0.00174628
2000-03-31,1.34234
2000-04-01,1.0121
2000-04-02,0.529144
2000-04-03,0.110909
2000-04-04,0.241058
2000-04-05,0.935118
2000-04-06,1.15746
2000-04-07,1.10119
2000-04-08,1.27855
2000-04-09,0.0612194
2000-04-10,0.000843366
2000-04-11,0.590169
2000-04-12,0.832935
2000-04-13,0.464886
2000-04-14,0.556613
2000-04-15,0.194146
2000-04-16,0.618752
2000-04-17,0.0957079
2000-04-18,0.144409
2000-04-19,1.13189
2000-04-20,1.37742
2000-04-21,1.54788
2000-04-22,1.56411
2000-04-23,0.731088
2000-04-24,1.45412
2000-04-25,1.73681
2000-04-26,1.42664
2000-04-27,0.855964
2000-04-28,0.187619
2000-04-29,0.278378
2000-04-30,1.35818
2000-05-01,1.65969
2000-05-02,0.718659
2000-05-03,1.64998
2000-05-04,1.3614
2000-05-05,1.07059
2000-05-06,0.503376
2000-05-07,0.654614
2000-05-08,1.2775
2000-05-09,1.46368
2000-05-10,0.978084
2000-05-11,1.52991
2000-05-12,0.924662
2000-05-13,1.08755
2000-05-14,1.82248
2000-05-15,1.77423
2000-05-16,1.71811
2000-05-17,1.61446
2000-05-18,1.18663
2000-05-19,1.88254
2000-05-20,1.91805
2000-05-21,0.659212
2000-05-22,1.95278
2000-05-23,1.51386
2000-05-24,0.594966
2000-05-25,1.50181
2000-05-26,0.91057
2000-05-27,0.977675
2000-05-28,0.897452
2000-05-29,1.85331
2000-05-30,0.747992
2000-05-31,1.83695
2000-06-01,1.8604
2000-06-02,1.53066
2000-06-03,1.61275
2000-06-04,1.65369
2000-06-05,1.96755
2000-06-06,1.47992
2000-06-07,2.00216
2000-06-08,1.34004
2000-06-09,1.94775
2000-06-10,1.50032
2000-06-11,0.390875
2000-06-12,0.925971
2000-06-13,1.19149
2000-06-14,1.84888
2000-06-15,2.15149
2000-06-16,2.17945
2000-06-17,1.94391
2000-06-18,1.91771
2000-06-19,1.98681
2000-06-20,2.03453
2000-06-21,1.97054
2000-06-22,1.75987
2000-06-23,2.01695
2000-06-26,3.35223
2000-06-28,1.9411
2000-06-29,1.87442
2000-06-30,1.28336
2000-07-01,1.30291
2000-07-02,1.80013
2000-07-03,1.4703
2000-07-04,1.25242
2000-07-05,2.17208
2000-07-06,1.85378
2000-07-07,1.55119
2000-07-08,1.30497
2000-07-09,2.06829
2000-07-10,0.605955
2000-07-11,1.10579
2000-07-12,1.46053
2000-07-13,2.0049
2000-07-14,1.22181
2000-07-15,1.75799
2000-07-16,1.81527
2000-07-17,1.41123
2000-07-18,1.61057
2000-07-19,1.61241
2000-07-20,1.47116
2000-07-21,1.4033
2000-07-22,1.548
2000-07-23,0.71498
2000-07-24,0.204771
2000-07-25,1.62374
2000-07-26,1.87714
2000-07-27,1.93269
2000-07-28,1.0867
2000-07-29,1.73916
2000-07-30,2.04213
2000-07-31,2.11138
2000-08-01,1.95449
2000-08-02,1.45563
2000-08-03,0.309902
2000-08-04,0.584766
2000-08-05,1.11475
2000-08-06,1.22357
2000-08-07,1.86623
2000-08-08,1.81084
2000-08-09,1.32442
2000-08-10,1.7352
2000-08-11,1.59229
2000-08-12,1.12143
2000-08-13,1.29943
2000-08-14,1.81434
2000-08-15,1.79589
2000-08-16,1.60001
2000-08-17,1.43212
2000-08-18,1.5652
2000-08-19,1.6064
2000-08-20,1.66938
2000-08-21,1.45575
2000-08-22,1.68844
2000-08-23,1.64173
2000-08-24,1.58097
2000-08-25,1.86235
2000-08-26,1.52905
2000-08-27,0.72741
2000-08-28,0.533396
2000-08-29,2.81801
2000-08-30,0.430687
2000-08-31,0.406413
2000-09-01,1.63787
2000-09-02,1.25542
2000-09-03,1.51087
2000-09-04,1.49588
2000-09-05,1.50409
2000-09-06,1.29784
2000-09-07,1.35572
2000-09-08,1.52474
2000-09-09,1.44634
2000-09-10,1.38959
2000-09-11,1.64003
2000-09-13,1.80217
2000-09-14,1.13886
2000-09-15,1.31498
2000-09-16,0.66888
2000-09-17,1.2595
2000-09-18,0.405487
2000-09-19,0.520442
2000-09-20,0.673323
2000-09-21,1.07792
2000-09-22,1.37439
2000-09-23,1.18462
2000-09-24,1.07194
2000-09-25,1.11861
2000-09-26,1.02016
2000-09-27,0.995717
2000-09-28,0.656542
2000-09-29,0.422813
2000-09-30,0.104891
2000-10-01,0.190655
2000-10-02,0.344012
2000-10-03,0.997298
2000-10-04,1.0031
2000-10-05,0.814257
2000-10-06,0.729253
2000-10-07,0.938407
2000-10-08,1.03817
2000-10-09,0.948547
2000-10-10,0.0807337
2000-10-11,0.0616227
2000-10-12,0.122991
2000-10-13,0.050201
2000-10-14,0.158424
2000-10-15,0.0706648
2000-10-16,0.170463
2000-10-17,0.382708
2000-10-18,0.8132
2000-10-19,0.640976
2000-10-20,0.598989
2000-10-21,0.396526
2000-10-22,0.599381
2000-10-23,0.726586
2000-10-24,0.682656
2000-10-25,0.394787
2000-10-26,0.482586
2000-10-27,0.680754
2000-10-28,0.381799
2000-10-29,0.26235
2000-10-30,0.189895
2000-10-31,0.161421
2000-11-01,0.549782
2000-11-02,0.0690768
2000-11-03,0.0690228
2000-11-04,0.828838
2000-11-05,0.424198
2000-11-06,0.0299868
2000-11-07,0.302344
2000-11-10,0.584694
2000-11-13,0.107489
2000-11-14,0.0314874
2000-11-15,0.240222
2000-11-16,0.119276
2000-11-17,0.0409223
2000-11-18,0.40821
2000-11-19,0.432905
2000-11-20,0.120662
2000-11-21,0.338132
2000-11-22,0.342703
2000-11-23,0.0524616
2000-11-24,0.0603181
2000-11-25,0.239599
2000-11-26,0.266474
2000-11-27,0.327227
2000-11-28,0.432625
2000-11-29,0.417432
2000-11-30,0.323087
2000-12-01,0.301999
2000-12-02,0.0482782
2000-12-03,0.094014
2000-12-04,0.172334
2000-12-05,0.333781
2000-12-06,0.0754001
2000-12-07,0.0508484
2000-12-08,0.0321087
2000-12-09,0.0539835
2000-12-10,0.243029
2000-12-11,0.283196
2000-12-12,0.249185
2000-12-13,0.251095
2000-12-14,0.139443
2000-12-15,0.184578
2000-12-16,0.256255
2000-12-17,0.229889
2000-12-18,0.260848
2000-12-19,0.273723
2000-12-20,0.0393921
2000-12-21,0.109774
2000-12-22,0.220138
2000-12-23,0.235496
2000-12-24,0.0743611
2000-12-25,0.0803792
2000-12-26,0.146248
2000-12-27,0.100751
2000-12-28,0.266218
2000-12-29,0.0142926
2000-12-30,0.26193
2000-12-31,0.281278
2001-01-01,0.251048
2001-01-02,0.0476173
2001-01-03,0.267758
2001-01-04,0.0549428
2001-01-05,0.136315
2001-01-06,0.0637654
2001-01-07,0.0390962
2001-01-08,0.165439
2001-01-09,0.288979
2001-01-10,0.11143
2001-01-11,0.16656
2001-01-12,0.19142
2001-01-13,0.104578
2001-01-14,0.115617
2001-01-15,0.0399647
2001-01-17,0.45169
2001-01-18,0.167854
2001-01-19,0.295807
2001-01-20,0.31501
2001-01-21,0.349072
2001-01-22,0.289704
2001-01-23,0.220423
2001-01-24,0.054167
2001-01-25,0.0521883
2001-01-26,0.103327
2001-01-27,0.202021
2001-01-28,0.363414
2001-01-29,0.353263
2001-01-30,0.417436
2001-01-31,0.433088
2001-02-01,0.419127
2001-02-02,0.412772
2001-02-03,0.383526
2001-02-04,0.381621
2001-02-05,0.317914
2001-02-06,0.12761
2001-02-07,0.0462472
2001-02-08,0.0256974
2001-02-09,0.158815
2001-02-10,0.480512
2001-02-11,0.562024
2001-02-12,0.568788
2001-02-13,0.504881
2001-02-14,0.574093
2001-02-15,0.511717
2001-02-16,0.622636
2001-02-17,0.496083
2001-02-18,0.569442
2001-02-19,0.433836
2001-02-20,0.667623
2001-02-21,0.55379
2001-02-22,0.71484
2001-02-23,0.645196
2001-02-24,0.436931
2001-02-25,0.376656
2001-02-26,0.53747
2001-02-27,0.308303
2001-02-28,0.148635
2001-03-01,0.401541
2001-03-02,0.325622
2001-03-03,0.495538
2001-03-04,0.236941
2001-03-05,0.811446
2001-03-06,0.233621
2001-03-07,0.282655
2001-03-08,0.0938381
2001-03-09,0.731654
2001-03-10,0.348263
2001-03-11,0.813161
2001-03-12,0.221573
2001-03-13,1.1738
2001-03-15,1.5273
2001-03-16,0.583452
2001-03-17,0.120519
2001-03-18,0.789529
2001-03-19,1.05751
2001-03-20,1.07689
2001-03-21,0.436737
2001-03-22,0.985238
2001-03-23,1.11755
2001-03-24,0.55464
2001-03-25,0.532621
2001-03-26,0.662042
2001-03-28,0.188656
2001-03-29,0.0622151
2001-04-03,1.06222
2001-04-04,0.297515
2001-04-05,1.21309
2001-04-06,1.35376
2001-04-07,0.161915
2001-04-08,1.1598
2001-04-09,1.43575
2001-04-10,0.00587078
2001-04-11,0.754457
2001-04-12,0.00549219
2001-04-13,1.1909
2001-04-14,1.18659
2001-04-15,1.17583
2001-04-16,0.811478
2001-04-17,1.26224
2001-04-18,0.548823
2001-04-19,0.708058
2001-04-20,0.927838
2001-04-21,0.65976
2001-04-22,0.868756
2001-04-23,0.759123
2001-04-24,0.00573637
2001-04-25,0.00301827
2001-04-26,1.31238
2001-04-27,0.840807
2001-04-28,1.40068
2001-04-29,0.823013
2001-04-30,0.261226
2001-05-01,0.846329
2001-05-02,1.05096
2001-05-03,0.950082
2001-05-04,0.392083
2001-05-05,0.934692
2001-05-06,1.2345
2001-05-07,1.42527
2001-05-08,1.45231
2001-05-09,1.29717
2001-05-10,1.37422
2001-05-11,1.44023
2001-05-12,1.68276
2001-05-13,1.55367
2001-05-14,0.503641
2001-05-15,0.228617
2001-05-16,0.505676
2001-05-17,0.710955
2001-05-18,1.5131
2001-05-19,1.71539
2001-05-20,1.52449
2001-05-21,0.447274
2001-05-22,1.70324
2001-05-23,1.29171
2001-05-24,1.73977
2001-05-25,1.70263
2001-05-26,1.78566
2001-05-27,1.78219
2001-05-28,1.94375
2001-05-29,2.22028
2001-05-30,2.14977
2001-05-31,1.51251
2001-06-01,1.75781
2001-06-02,0.766098
2001-06-03,1.23474
2001-06-04,1.76928
2001-06-05,1.73005
2001-06-06,1.90421
2001-06-08,3.22344
2001-06-09,0.13847
2001-06-10,0.331317
2001-06-11,1.76699
2001-06-12,1.75314
2001-06-13,1.38418
2001-06-14,1.79303
2001-06-15,1.80313
2001-06-16,0.967348
2001-06-17,1.2787
2001-06-18,1.86882
2001-06-19,1.82145
2001-06-20,1.92375
2001-06-21,1.94897
2001-06-22,1.80517
2001-06-23,1.69777
2001-06-24,1.7713
2001-06-25,1.73647
2001-06-26,1.60576
2001-06-27,1.24308
2001-06-28,0.38695
2001-06-29,1.98245
2001-06-30,1.70994
2001-07-01,1.91702
2001-07-02,2.05826
2001-07-03,1.70149
2001-07-04,1.06896
2001-07-05,1.37023
2001-07-06,0.782694
2001-07-07,0.670815
2001-07-08,1.87662
2001-07-09,1.78804
2001-07-10,1.37286
2001-07-11,1.43357
2001-07-12,2.03196
2001-07-13,1.39482
2001-07-14,1.28465
2001-07-15,0.700107
2001-07-16,1.45203
2001-07-17,1.89502
2001-07-18,0.545312
2001-07-19,1.18711
2001-07-20,1.26171
2001-07-21,1.97421
2001-07-22,2.03344
2001-07-23,1.71877
2001-07-24,1.70334
2001-07-25,1.69149
2001-07-26,1.60189
2001-07-30,3.42125
2001-08-01,0.67383
2001-08-02,0.912261
2001-08-03,1.03851
2001-08-04,1.26903
2001-08-05,1.91364
2001-08-06,1.4355
2001-08-07,1.88217
2001-08-08,0.917178
2001-08-09,0.101668
2001-08-10,3.4379
2001-08-11,1.80848
2001-08-12,1.75233
2001-08-13,1.74283
2001-08-14,1.72546
2001-08-15,1.68017
2001-08-16,1.61432
2001-08-17,1.19344
2001-08-20,1.70545
2001-08-21,1.7105
2001-08-22,1.6934
2001-08-23,1.70923
2001-08-24,1.69316
2001-08-25,1.58882
2001-08-26,1.53676
2001-08-27,1.47534
2001-08-28,1.64163
2001-08-29,1.5832
2001-08-30,0.423146
2001-08-31,0.532654
2001-09-01,0.349578
2001-09-02,1.53783
2001-09-03,1.29653
2001-09-04,0.821254
2001-09-05,1.48389
2001-09-06,1.35576
2001-09-07,1.43071
2001-09-08,1.23938
2001-09-09,1.40116
2001-09-10,1.27874
2001-09-11,1.34875
2001-09-12,1.32536
2001-09-13,1.06421
2001-09-14,0.333909
2001-09-15,1.36484
2001-09-16,1.16551
2001-09-17,1.05199
2001-09-18,1.19384
2001-09-19,0.750282
2001-09-20,0.802087
2001-09-21,1.01163
2001-09-22,0.250663
2001-09-23,0.172969
2001-09-24,0.377081
2001-09-25,0.669595
2001-09-26,1.14909
2001-09-27,1.05957
2001-09-28,1.01026
2001-09-29,0.368704
2001-09-30,0.799341
2001-10-01,1.00721
2001-10-02,0.77761
2001-10-03,0.784615
2001-10-04,0.762262
2001-10-05,0.454561
2001-10-06,0.914381
2001-10-07,0.0807583
2001-10-08,0.66035
2001-10-09,0.924677
2001-10-10,1.09557
2001-10-11,1.04925
2001-10-12,1.00722
2001-10-13,1.03379
2001-10-14,0.973551
2001-10-15,0.868265
2001-10-16,0.70543
2001-10-17,0.793148
2001-10-18,0.687045
2001-10-19,0.541163
2001-10-20,0.104186
2001-10-21,0.507103
2001-10-22,0.784156
2001-10-23,0.60643
2001-10-24,0.707048
2001-10-25,0.631949
2001-10-26,0.316703
2001-10-27,0.307472
2001-10-28,0.49895
2001-10-29,0.671019
2001-10-30,0.665004
2001-10-31,0.37373
2001-11-01,0.623997
2001-11-02,0.580741
2001-11-03,0.588901
2001-11-04,0.568519
2001-11-05,0.354206
2001-11-06,0.513511
2001-11-07,0.655123
2001-11-08,0.0357173
2001-11-09,0.24489
2001-11-10,0.377828
2001-11-11,0.0763739
2001-11-12,0.192806
2001-11-13,0.405567
2001-11-14,0.133805
2001-11-15,0.395449
2001-11-16,0.449003
2001-11-17,0.389034
2001-11-18,0.364707
2001-11-19,0.342656
2001-11-20,0.369266
2001-11-21,0.319198
2001-11-22,0.324733
2001-11-23,0.392905
2001-11-24,0.404721
2001-11-25,0.378696
2001-11-26,0.323117
2001-11-27,0.0983051
2001-11-28,0.171409
2001-11-29,0.361687
2001-11-30,0.358094
2001-12-01,0.187112
2001-12-02,0.316709
2001-12-03,0.261271
2001-12-04,0.197877
2001-12-05,0.314768
2001-12-06,0.311633
2001-12-07,0.38161
2001-12-08,0.301382
2001-12-09,0.255129
2001-12-10,0.257026
2001-12-11,0.297671
2001-12-12,0.290899
2001-12-13,0.269377
2001-12-14,0.234845
2001-12-15,0.280296
2001-12-16,0.26772
2001-12-17,0.25031
2001-12-18,0.221836
2001-12-19,0.264572
2001-12-20,0.216498
2001-12-21,0.252347
2001-12-22,0.276646
2001-12-23,0.29545
2001-12-24,0.256119
2001-12-25,0.263743
2001-12-26,0.187549
2001-12-27,0.271243
2001-12-28,0.303704
2001-12-29,0.274728
2001-12-30,0.340854
2002-01-01,0.299941
2002-01-02,0.288584
2002-01-03,0.252317
2002-01-04,0.240295
2002-01-05,0.290172
2002-01-06,0.301271
2002-01-07,0.186034
2002-01-08,0.326111
2002-01-09,0.320577
2002-01-10,0.323899
2002-01-11,0.292179
2002-01-12,0.300951
2002-01-13,0.310845
2002-01-14,0.261461
2002-01-15,0.214458
2002-01-16,0.271613
2002-01-17,0.226087
2002-01-18,0.263527
2002-01-19,0.259448
2002-01-20,0.350602
2002-01-21,0.319985
2002-01-22,0.092393
2002-01-23,0.0876377
2002-01-24,0.0994222
2002-01-25,0.429024
2002-01-26,0.361109
2002-01-27,0.317813
2002-01-28,0.371318
2002-01-29,0.223641
2002-01-30,0.303902
2002-01-31,0.207832
2002-02-01,0.139692
2002-02-02,0.44153
2002-02-03,0.475534
2002-02-04,0.477039
2002-02-05,0.314384
2002-02-06,0.0486305
2002-02-07,0.423567
2002-02-08,0.638758
2002-02-09,0.587369
2002-02-10,0.582786
2002-02-11,0.705365
2002-02-12,0.722344
2002-02-13,0.622654
2002-02-14,0.0414403
2002-02-15,0.101216
2002-02-16,0.110654
2002-02-17,0.469664
2002-02-18,0.611976
2002-02-19,0.594511
2002-02-20,0.570537
2002-02-21,0.479698
2002-02-22,0.629997
2002-02-23,0.672599
2002-02-24,0.706622
2002-02-25,0.807199
2002-02-26,0.690078
2002-02-27,0.181334
2002-02-28,0.599171
2002-03-01,0.233981
2002-03-02,0.178799
2002-03-03,0.445987
2002-03-04,0.777033
2002-03-05,0.522626
2002-03-06,0.205499
2002-03-07,0.768617
2002-03-08,0.550843
2002-03-09,0.751846
2002-03-10,0.969781
2002-03-11,0.820536
2002-03-12,0.882807
2002-03-13,0.788921
2002-03-14,0.241553
2002-03-15,0.524734
2002-03-16,0.820705
2002-03-17,0.632585
2002-03-18,0.738408
2002-03-19,0.834412
2002-03-20,1.26683
2002-03-21,1.36348
2002-03-22,1.11624
2002-03-23,1.05648
2002-03-24,1.04159
2002-03-25,1.0768
2002-03-26,0.945637
2002-03-27,0.832585
2002-03-28,0.992176
2002-03-29,1.03954
2002-03-30,0.480917
2002-03-31,1.31597
2002-04-01,1.20251
2002-04-02,1.17461
2002-04-03,0.984122
2002-04-04,0.941246
2002-04-05,0.98564
2002-04-06,0.449504
2002-04-07,0.203776
2002-04-08,0.131725
2002-04-09,0.148452
2002-04-10,0.350543
2002-04-11,0.274013
2002-04-12,0.567432
2002-04-13,0.506624
2002-04-14,0.828933
2002-04-15,1.21323
2002-04-16,1.23323
2002-04-17,1.2656
2002-04-18,1.32567
2002-04-19,0.974214
2002-04-20,1.10072
2002-04-21,1.31011
2002-04-22,1.47258
2002-04-23,1.34854
2002-04-24,1.35138
2002-04-25,1.45591
2002-04-26,1.37635
2002-04-27,1.43551
2002-04-28,0.823018
2002-04-29,0.597849
2002-04-30,1.32353
2002-05-01,0.565429
2002-05-02,0.118564
2002-05-03,0.0150963
2002-05-04,0.482148
2002-05-05,0.532596
2002-05-06,1.22231
2002-05-07,1.62426
2002-05-08,0.285721
2002-05-09,0.218573
2002-05-10,0.822793
2002-05-11,1.14022
2002-05-12,1.4798
2002-05-13,1.74923
2002-05-14,1.67786
2002-05-15,1.70909
2002-05-16,1.57411
2002-05-17,1.60366
2002-05-18,1.32736
2002-05-19,1.39861
2002-05-20,1.43738
2002-05-21,1.1304
2002-05-22,1.20711
2002-05-23,0.215467
2002-05-24,1.77365
2002-05-25,0.908746
2002-05-26,1.69592
2002-05-27,0.191159
2002-05-28,1.69115
2002-05-29,1.88907
2002-05-30,1.82709
2002-05-31,1.64063
2002-06-01,1.38382
2002-06-02,1.64133
2002-06-03,0.871185
2002-06-04,1.22294
2002-06-05,0.64516
2002-06-06,0.61739
2002-06-07,1.49201
2002-06-08,0.563261
2002-06-09,1.33559
2002-06-10,2.02384
2002-06-11,1.98419
2002-06-12,0.175663
2002-06-14,2.81512
2002-06-15,1.74964
2002-06-16,1.55408
2002-06-17,1.8586
2002-06-18,1.6928
2002-06-19,1.70686
2002-06-20,1.48033
2002-06-21,1.29748
2002-06-22,2.11652
2002-06-23,1.68807
2002-06-24,1.36244
2002-06-25,1.18184
2002-06-26,1.72173
2002-06-27,1.45498
2002-06-28,1.39864
2002-06-29,1.86411
2002-06-30,1.51261
2002-07-01,1.46574
2002-07-02,0.721429
2002-07-03,0.98313
2002-07-04,2.00728
2002-07-05,1.48544
2002-07-06,0.302665
2002-07-07,2.14234
2002-07-08,1.9617
2002-07-09,1.38257
2002-07-10,1.46691
2002-07-11,1.97015
2002-07-12,1.56155
2002-07-13,1.11637
2002-07-14,0.808768
2002-07-15,0.432518
2002-07-16,1.29654
2002-07-17,1.66836
2002-07-18,1.32846
2002-07-19,1.95251
2002-07-20,1.84608
2002-07-21,1.02356
2002-07-22,1.92409
2002-07-23,1.72003
2002-07-24,1.84508
2002-07-25,1.82076
2002-07-26,2.01066
2002-07-27,1.48884
2002-07-28,1.91568
2002-07-29,1.83825
2002-07-30,1.91327
2002-07-31,1.36926
2002-08-01,0.988514
2002-08-02,1.62792
2002-08-03,1.46212
2002-08-04,1.57422
2002-08-05,1.66403
2002-08-06,1.15888
2002-08-07,1.84949
2002-08-08,1.80644
2002-08-09,0.950151
2002-08-10,0.109353
2002-08-11,0.384911
2002-08-12,1.9506
2002-08-13,1.99116
2002-08-14,1.88663
2002-08-15,1.71332
2002-08-16,1.50958
2002-08-17,1.52635
2002-08-18,1.41334
2002-08-19,1.39215
2002-08-20,1.08293
2002-08-21,1.21842
2002-08-22,1.38401
2002-08-23,0.867358
2002-08-24,1.46325
2002-08-25,1.26541
2002-08-26,0.655963
2002-08-27,1.28752
2002-08-28,1.54924
2002-08-29,1.60517
2002-08-30,1.35632
2002-08-31,1.34512
2002-09-01,1.39292
2002-09-02,1.45782
2002-09-03,0.19557
2002-09-04,0.325021
2002-09-05,1.39188
2002-09-06,1.31585
2002-09-07,1.25691
2002-09-08,1.13346
2002-09-09,0.688791
2002-09-10,1.3156
2002-09-11,1.34593
2002-09-13,2.88035
2002-09-14,1.11311
2002-09-15,1.36108
2002-09-16,0.99642
2002-09-17,1.10364
2002-09-18,1.05807
2002-09-19,0.64756
2002-09-20,1.0838
2002-09-21,0.779223
2002-09-22,0.808328
2002-09-23,0.515273
2002-09-24,0.566349
2002-09-25,0.729399
2002-09-26,1.02938
2002-09-27,1.13852
2002-09-28,0.97514
2002-09-29,1.07512
2002-09-30,1.08767
2002-10-01,1.03289
2002-10-02,0.945458
2002-10-03,0.904757
2002-10-04,0.580003
2002-10-05,0.982561
2002-10-06,0.704538
2002-10-07,0.882193
2002-10-08,0.592615
2002-10-09,0.190006
2002-10-10,0.171708
2002-10-11,0.529967
2002-10-12,0.938215
2002-10-13,0.936542
2002-10-14,0.413829
2002-10-15,0.595912
2002-10-16,0.146056
2002-10-17,0.12913
2002-10-18,0.756825
2002-10-19,0.74737
2002-10-20,0.742111
2002-10-21,0.0922604
2002-10-22,0.609813
2002-10-23,0.563594
2002-10-24,0.701846
2002-10-25,0.251519
2002-10-26,0.673283
2002-10-27,0.444071
2002-10-28,0.710932
2002-10-29,0.623391
2002-10-30,0.513474
2002-10-31,0.454706
2002-11-01,0.541108
2002-11-02,0.353056
2002-11-03,0.304941
2002-11-04,0.452286
2002-11-05,0.448957
2002-11-06,0.311083
2002-11-07,0.183452
2002-11-08,0.478407
2002-11-09,0.475808
2002-11-10,0.512194
2002-11-11,0.493534
2002-11-12,0.353684
2002-11-13,0.0574738
2002-11-14,0.0186854
2002-11-15,0.058068
2002-11-16,0.0467487
2002-11-17,0.171531
2002-11-18,0.0677325
2002-11-19,0.0950761
2002-11-20,0.307193
2002-11-21,0.038068
2002-11-22,0.161662
2002-11-23,0.34671
2002-11-24,0.0354651
2002-11-25,0.0479658
2002-11-26,0.0840015
2002-11-27,0.0794648
2002-11-28,0.154231
2002-11-29,0.122579
2002-11-30,0.288965
2002-12-01,0.331206
2002-12-02,0.105163
2002-12-03,0.0821767
2002-12-04,0.288269
2002-12-05,0.174439
2002-12-06,0.161805
2002-12-07,0.213379
2002-12-08,0.114067
2002-12-09,0.118261
2002-12-10,0.227075
2002-12-11,0.125004
2002-12-12,0.0757201
2002-12-13,0.253566
2002-12-14,0.243957
2002-12-15,0.1179
2002-12-16,0.240001
2002-12-17,0.19727
2002-12-18,0.205181
2002-12-19,0.145342
2002-12-20,0.214408
2002-12-21,0.213837
2002-12-22,0.124821
2002-12-23,0.230993
2002-12-24,0.121559
2002-12-25,0.147121
2002-12-26,0.108973
2002-12-27,0.0678494
2002-12-28,0.214401
2002-12-29,0.303298
2002-12-30,0.271267
2002-12-31,0.186281
2003-01-01,0.258663
2003-01-02,0.214098
2003-01-03,0.267195
2003-01-04,0.183832
2003-01-05,0.160697
2003-01-06,0.0870199
2003-01-07,0.285836
2003-01-08,0.190456
2003-01-09,0.213951
2003-01-10,0.120598
2003-01-11,0.160937
2003-01-12,0.145018
2003-01-13,0.26989
2003-01-14,0.00718089
2003-01-17,0.271112
2003-01-18,0.302774
2003-01-19,0.351589
2003-01-20,0.321548
2003-01-21,0.0301596
2003-01-22,0.315494
2003-01-23,0.21419
2003-01-24,0.328727
2003-01-25,0.293652
2003-01-26,0.261807
2003-01-27,0.315689
2003-01-28,0.335861
2003-01-29,0.335203
2003-01-30,0.262406
2003-01-31,0.257829
2003-02-01,0.37977
2003-02-02,0.327998
2003-02-03,0.295068
2003-02-04,0.299942
2003-02-05,0.473759
2003-02-06,0.507763
2003-02-07,0.57814
2003-02-08,0.456917
2003-02-09,0.287894
2003-02-10,0.27781
2003-02-11,0.353997
2003-02-12,0.138157
2003-02-13,0.345772
2003-02-14,0.339865
2003-02-15,0.456971
2003-02-16,0.254477
2003-02-17,0.424071
2003-02-18,0.466341
2003-02-19,0.431637
2003-02-20,0.451139
2003-02-21,0.40572
2003-02-22,0.39588
2003-02-23,0.291874
2003-02-24,0.588139
2003-02-25,0.631503
2003-02-26,0.532955
2003-02-27,0.447028
2003-02-28,0.529646
2003-03-01,0.509809
2003-03-02,0.39074
2003-03-03,0.696346
2003-03-04,0.808855
2003-03-05,0.723132
2003-03-06,0.461202
2003-03-07,0.612901
2003-03-08,0.446341
2003-03-09,0.606043
2003-03-10,1.07143
2003-03-13,0.887959
2003-03-14,0.453549
2003-03-15,0.714046
2003-03-16,0.770983
2003-03-17,0.812504
2003-03-18,0.754099
2003-03-19,0.789763
2003-03-20,0.93222
2003-03-21,0.686541
2003-03-22,0.742029
2003-03-23,0.878932
2003-03-24,0.996218
2003-03-25,0.888964
2003-03-26,0.733902
2003-03-27,0.766904
2003-03-28,0.750405
2003-03-29,0.731793
2003-03-30,0.730271
2003-03-31,0.819148
2003-04-01,0.630289
2003-04-02,0.320991
2003-04-03,0.833478
2003-04-04,0.934981
2003-04-05,1.24749
2003-04-06,1.34902
2003-04-07,1.17848
2003-04-08,1.09615
2003-04-09,0.678748
2003-04-10,0.333585
2003-04-11,1.02603
2003-04-12,0.525015
2003-04-13,1.31
2003-04-14,1.07628
2003-04-15,0.920782
2003-04-16,1.22281
2003-04-17,1.02303
2003-04-18,1.24668
2003-04-19,0.294632
2003-04-20,0.642651
2003-04-21,1.13636
2003-04-22,1.3079
2003-04-23,1.22334
2003-04-24,1.48027
2003-04-25,1.05041
2003-04-26,0.385541
2003-04-27,1.66302
2003-04-28,0.641572
2003-04-29,1.30548
2003-04-30,0.169405
2003-05-01,1.29597
2003-05-02,0.575619
2003-05-03,1.66872
2003-05-04,1.37361
2003-05-05,1.38729
2003-05-06,0.987862
2003-05-07,2.82904
2003-05-08,1.1048
2003-05-09,1.33944
2003-05-10,0.712817
2003-05-11,1.62922
2003-05-12,1.55555
2003-05-13,1.29239
2003-05-14,1.54207
2003-05-15,1.70377
2003-05-16,1.34985
2003-05-17,0.818768
2003-05-18,1.62331
2003-05-19,1.68849
2003-05-20,0.759277
2003-05-21,1.61686
2003-05-22,1.91369
2003-05-23,1.82183
2003-05-24,1.62225
2003-05-25,1.35097
2003-05-26,0.993622
2003-05-27,1.515
2003-05-28,1.65896
2003-05-29,1.37915
2003-05-30,1.80507
2003-05-31,1.89233
2003-06-01,1.55372
2003-06-02,1.52476
2003-06-03,1.58902
2003-06-04,1.29897
2003-06-06,2.3888
2003-06-07,1.62809
2003-06-08,1.65373
2003-06-09,1.80099
2003-06-10,1.79648
2003-06-11,1.84928
2003-06-12,1.79228
2003-06-13,1.65589
2003-06-14,1.28771
2003-06-15,1.84359
2003-06-16,1.81634
2003-06-17,0.638322
2003-06-18,1.87279
2003-06-19,2.13907
2003-06-20,2.04234
2003-06-21,2.15815
2003-06-22,1.83583
2003-06-23,1.68281
2003-06-24,1.27665
2003-06-25,1.56583
2003-06-26,1.64828
2003-06-27,1.7545
2003-06-28,1.4625
2003-06-29,1.85824
2003-06-30,1.4169
2003-07-01,1.03193
2003-07-02,1.8768
2003-07-03,1.37673
2003-07-04,1.30872
2003-07-05,1.96707
2003-07-06,1.75168
2003-07-07,1.666
2003-07-08,1.6758
2003-07-09,1.12016
2003-07-10,1.75314
2003-07-11,1.76149
2003-07-12,1.53229
2003-07-13,1.83653
2003-07-14,0.881771
2003-07-15,1.60216
2003-07-16,1.17757
2003-07-17,1.50982
2003-07-18,1.99458
2003-07-19,1.76065
2003-07-20,1.88602
2003-07-21,1.01404
2003-07-22,1.95991
2003-07-23,1.69072
2003-07-24,1.37788
2003-07-25,1.96548
2003-07-26,1.80413
2003-07-27,1.37789
2003-07-28,1.90121
2003-07-29,1.9496
2003-07-30,1.96013
2003-07-31,1.10786
2003-08-01,1.98219
2003-08-02,1.8431
2003-08-03,1.90973
2003-08-04,1.80403
2003-08-05,1.64115
2003-08-06,1.75013
2003-08-07,1.64191
2003-08-08,1.4996
2003-08-09,1.65209
2003-08-10,1.5963
2003-08-11,1.63978
2003-08-12,1.55007
2003-08-13,1.54017
2003-08-14,1.09599
2003-08-15,0.709911
2003-08-16,1.30521
2003-08-17,1.08598
2003-08-18,1.21201
2003-08-19,1.78768
2003-08-20,1.58531
2003-08-21,1.26288
2003-08-22,1.67488
2003-08-23,1.64711
2003-08-24,1.46831
2003-08-25,1.50055
2003-08-26,1.57005
2003-08-27,1.50364
2003-08-28,1.06149
2003-08-29,0.775078
2003-08-30,1.71577
2003-08-31,1.4682
2003-09-01,0.970684
2003-09-02,1.47096
2003-09-03,1.11562
2003-09-04,1.35721
2003-09-05,1.02627
2003-09-06,1.44889
2003-09-07,0.853928
2003-09-08,0.383136
2003-09-09,0.296685
2003-09-10,1.52866
2003-09-11,1.48841
2003-09-12,1.46476
2003-09-13,1.33565
2003-09-14,1.40171
2003-09-15,1.29661
2003-09-16,1.36099
2003-09-17,1.19778
2003-09-18,1.24193
2003-09-19,1.2973
2003-09-20,1.21789
2003-09-21,1.0466
2003-09-22,1.07874
2003-09-23,0.481927
2003-09-24,1.1471
2003-09-25,1.10341
2003-09-26,0.99696
2003-09-27,0.872686
2003-09-28,1.18826
2003-09-29,0.504809
2003-09-30,0.198131
2003-10-01,0.969255
2003-10-02,0.434097
2003-10-03,0.962638
2003-10-04,0.20339
2003-10-05,0.0983514
2003-10-06,1.28438
2003-10-07,0.942336
2003-10-08,1.04747
2003-10-09,1.03459
2003-10-10,0.940771
2003-10-11,0.887851
2003-10-12,0.747153
2003-10-13,0.604886
2003-10-14,0.315783
2003-10-15,0.644856
2003-10-16,0.8123
2003-10-17,0.638237
2003-10-18,0.631165
2003-10-19,0.749481
2003-10-20,0.343712
2003-10-21,0.794037
2003-10-22,0.50336
2003-10-23,0.138243
2003-10-24,0.517281
2003-10-25,0.62822
2003-10-26,0.539197
2003-10-27,0.403001
2003-10-28,0.516623
2003-10-29,0.180718
2003-10-30,0.509959
2003-10-31,0.0548629
2003-11-01,0.325902
2003-11-02,0.528551
2003-11-03,0.488373
2003-11-04,0.691227
2003-11-06,0.321522
2003-11-07,0.238261
2003-11-08,0.0750048
2003-11-09,0.458037
2003-11-10,0.505569
2003-11-11,0.150254
2003-11-12,0.111846
2003-11-13,0.352833
2003-11-14,0.188234
2003-11-15,0.252397
2003-11-16,0.0918808
2003-11-17,0.392294
2003-11-18,0.271794
2003-11-19,0.251231
2003-11-20,0.0902502
2003-11-21,0.100923
2003-11-22,0.052892
2003-11-23,0.0997341
2003-11-24,0.0326841
2003-11-25,0.108367
2003-11-26,0.187636
2003-11-27,0.0164432
2003-11-28,0.144601
2003-11-29,0.326788
2003-11-30,0.270677
2003-12-01,0.0829058
2003-12-02,0.02818
2003-12-03,0.0592666
2003-12-04,0.0656171
2003-12-05,0.326985
2003-12-06,0.319914
2003-12-07,0.0947813
2003-12-08,0.31971
2003-12-09,0.298317
2003-12-10,0.103665
2003-12-11,0.275139
2003-12-12,0.314996
2003-12-13,0.308401
2003-12-14,0.308739
2003-12-15,0.342397
2003-12-16,0.322246
2003-12-17,0.257304
2003-12-18,0.198419
2003-12-19,0.181732
2003-12-20,0.201455
2003-12-21,0.0467015
2003-12-22,0.271508
2003-12-23,0.254493
2003-12-24,0.281297
2003-12-25,0.270875
2003-12-26,0.30464
2003-12-27,0.0378193
2003-12-28,0.0339963
2003-12-29,0.10019
2003-12-30,0.094367
2003-12-31,0.137644
2004-01-01,0.284596
2004-01-02,0.132502
2004-01-03,0.301701
2004-01-04,0.149115
2004-01-05,0.364514
2004-01-06,0.169062
2004-01-07,0.315368
2004-01-08,0.115406
2004-01-09,0.186486
2004-01-10,0.376618
2004-01-11,0.361708
2004-01-12,0.249122
2004-01-13,0.323498
2004-01-14,0.336879
2004-01-15,0.282651
2004-01-16,0.274222
2004-01-17,0.263165
2004-01-18,0.0333205
2004-01-19,0.279428
2004-01-20,0.293122
2004-01-21,0.267012
2004-01-22,0.176722
2004-01-23,0.0977007
2004-01-24,0.117899
2004-01-25,0.362068
2004-01-26,0.147692
2004-01-27,0.292752
2004-01-28,0.353063
2004-01-29,0.283655
2004-01-30,0.40051
2004-01-31,0.447277
2004-02-01,0.481401
2004-02-02,0.410193
2004-02-03,0.379891
2004-02-04,0.49633
2004-02-05,0.695155
2004-02-06,1.22532
2004-02-07,0.25378
2004-02-08,0.546261
2004-02-09,0.513974
2004-02-10,0.483235
2004-02-11,0.516379
2004-02-12,0.424671
2004-02-13,0.438415
2004-02-14,0.471221
2004-02-15,0.460256
2004-02-16,0.431495
2004-02-17,0.265347
2004-02-18,0.48005
2004-02-19,0.0297014
2004-02-20,0.178976
2004-02-21,0.0682943
2004-02-22,0.224647
2004-02-23,0.233805
2004-02-24,0.524328
2004-02-25,0.00584086
2004-02-26,0.412423
2004-02-27,0.400958
2004-02-28,0.33889
2004-02-29,0.444404
2004-03-01,0.477627
2004-03-02,0.563921
2004-03-03,0.678436
2004-03-04,0.587096
2004-03-05,0.332662
2004-03-06,0.239486
2004-03-07,0.351368
2004-03-08,0.505314
2004-03-09,0.749374
2004-03-10,0.0503661
2004-03-11,0.187777
2004-03-12,0.818359
2004-03-13,0.603808
2004-03-14,0.399152
2004-03-15,0.95238
2004-03-16,1.08548
2004-03-17,1.12041
2004-03-18,1.07739
2004-03-19,0.789361
2004-03-20,0.871452
2004-03-21,0.73273
2004-03-22,0.980183
2004-03-23,0.307126
2004-03-24,0.588286
2004-03-25,0.665397
2004-03-26,0.534591
2004-03-27,0.487108
2004-03-28,0.891083
2004-03-29,1.00527
2004-03-30,0.711313
2004-03-31,0.952796
2004-04-01,1.11797
2004-04-02,0.894567
2004-04-03,0.672195
2004-04-04,0.999845
2004-04-05,0.846334
2004-04-06,0.773646
2004-04-07,1.11414
2004-04-08,0.968633
2004-04-09,0.176962
2004-04-10,0.512794
2004-04-11,1.21816
2004-04-12,1.03262
2004-04-13,1.10503
2004-04-14,0.992919
2004-04-15,0.364102
2004-04-16,0.267241
2004-04-17,1.26881
2004-04-18,0.425963
2004-04-19,0.181655
2004-04-20,1.41232
2004-04-21,1.60712
2004-04-22,1.53615
2004-04-23,1.20067
2004-04-24,1.69393
2004-04-25,1.69094
2004-04-26,1.59945
2004-04-27,1.48266
2004-04-28,1.32882
2004-04-29,0.838756
2004-04-30,0.259589
2004-05-01,1.10452
2004-05-02,0.917226
2004-05-03,0.221367
2004-05-04,0.560139
2004-05-05,0.218305
2004-05-06,0.46664
2004-05-07,1.16033
2004-05-08,1.3478
2004-05-09,1.13859
2004-05-10,1.10506
2004-05-11,1.47784
2004-05-12,1.06147
2004-05-13,1.34465
2004-05-14,1.74141
2004-05-15,1.45069
2004-05-16,1.74839
2004-05-17,1.71338
2004-05-18,1.66504
2004-05-19,1.73415
2004-05-20,1.60907
2004-05-21,0.739062
2004-05-22,1.03114
2004-05-23,1.93109
2004-05-24,1.63002
2004-05-25,1.75808
2004-05-26,1.55729
2004-05-27,1.33775
2004-05-28,1.36167
2004-05-29,1.56103
2004-05-30,1.76798
2004-05-31,0.593379
2004-06-01,0.599549
2004-06-02,1.36496
2004-06-03,1.35324
2004-06-04,1.79337
2004-06-05,1.80256
2004-06-06,1.93853
2004-06-07,1.85277
2004-06-08,1.74964
2004-06-09,1.85668
2004-06-10,1.88312
2004-06-11,1.61161
2004-06-12,1.62864
2004-06-13,1.2858
2004-06-14,1.59097
2004-06-15,1.75927
2004-06-16,1.77741
2004-06-17,1.46434
2004-06-18,1.86103
2004-06-19,1.04469
2004-06-20,0.98943
2004-06-21,1.28906
2004-06-22,0.79824
2004-06-23,0.899215
2004-06-24,2.01043
2004-06-25,1.76341
2004-06-26,1.6401
2004-06-27,2.1445
2004-06-28,1.51569
2004-06-29,1.72247
2004-06-30,1.52319
2004-07-01,0.97604
2004-07-02,1.73504
2004-07-03,2.00441
2004-07-04,1.33951
2004-07-05,1.36562
2004-07-06,1.53162
2004-07-07,0.713042
2004-07-08,0.593825
2004-07-09,1.81004
2004-07-10,1.77484
2004-07-11,1.73566
2004-07-12,1.58834
2004-07-13,1.65071
2004-07-14,1.96465
2004-07-15,2.15789
2004-07-16,1.67668
2004-07-17,1.64001
2004-07-18,1.8745
2004-07-19,1.69727
2004-07-20,1.33407
2004-07-21,1.96316
2004-07-22,1.97271
2004-07-23,1.57363
2004-07-24,0.487708
2004-07-25,1.81638
2004-07-26,1.70016
2004-07-27,1.90492
2004-07-28,1.79918
2004-07-29,1.82761
2004-07-30,1.78075
2004-07-31,1.54473
2004-08-01,1.67729
2004-08-02,1.76881
2004-08-03,1.38244
2004-08-04,1.43101
2004-08-05,1.66952
2004-08-06,1.6801
2004-08-07,1.65541
2004-08-08,1.50898
2004-08-09,0.83715
2004-08-10,0.602369
2004-08-11,0.892117
2004-08-12,1.35481
2004-08-13,1.92362
2004-08-14,1.90044
2004-08-15,1.85453
2004-08-16,1.51204
2004-08-17,1.0814
2004-08-18,0.97375
2004-08-19,1.16741
2004-08-20,1.49702
2004-08-21,1.68236
2004-08-22,1.78254
2004-08-23,1.7393
2004-08-24,0.888744
2004-08-25,1.52966
2004-08-26,1.69907
2004-08-27,1.81195
2004-08-28,1.64832
2004-08-29,1.2111
2004-08-30,1.46072
2004-08-31,1.33413
2004-09-01,0.567095
2004-09-02,1.47121
2004-09-03,1.59405
2004-09-04,1.57676
2004-09-05,1.32015
2004-09-06,0.780041
2004-09-10,1.52551
2004-09-11,1.18024
2004-09-12,0.849853
2004-09-13,0.551786
2004-09-14,0.138833
2004-09-15,0.991498
2004-09-16,0.742617
2004-09-17,1.32344
2004-09-18,1.32255
2004-09-19,1.23637
2004-09-20,1.12907
2004-09-21,1.14362
2004-09-22,1.36033
2004-09-23,1.45
2004-09-24,1.05989
2004-09-25,1.05084
2004-09-26,1.09102
2004-09-27,0.941884
2004-09-28,0.981603
2004-09-29,0.742704
2004-09-30,1.07734
2004-10-01,0.906228
2004-10-02,0.732737
2004-10-03,1.00113
2004-10-04,0.98556
2004-10-05,0.888637
2004-10-06,0.658251
2004-10-07,0.566091
2004-10-08,0.622172
2004-10-09,0.421492
2004-10-10,0.399695
2004-10-11,0.695171
2004-10-12,0.295276
2004-10-13,0.479585
2004-10-14,0.368011
2004-10-15,0.336376
2004-10-16,0.674669
2004-10-17,0.755013
2004-10-18,0.669872
2004-10-19,0.142034
2004-10-20,0.27947
2004-10-21,0.65514
2004-10-22,0.220058
2004-10-23,0.589242
2004-10-24,0.428854
2004-10-25,0.257316
2004-10-26,0.0649301
2004-10-27,0.312255
2004-10-28,0.171484
2004-10-29,0.0801234
2004-10-30,0.477644
2004-10-31,0.394703
2004-11-01,0.117053
2004-11-02,0.136129
2004-11-03,0.405228
2004-11-04,0.432499
2004-11-05,0.516118
2004-11-06,0.48024
2004-11-07,0.506887
2004-11-08,0.52216
2004-11-09,0.416243
2004-11-10,0.357709
2004-11-11,0.189487
2004-11-12,0.243031
2004-11-13,0.467326
2004-11-14,0.416854
2004-11-15,0.325708
2004-11-16,0.414863
2004-11-17,0.37169
2004-11-18,0.433587
2004-11-19,0.398017
2004-11-20,0.412466
2004-11-21,0.402308
2004-11-22,0.372299
2004-11-23,0.393382
2004-11-24,0.317932
2004-11-25,0.121858
2004-11-26,0.358324
2004-11-27,0.346529
2004-11-28,0.261925
2004-11-29,0.0463484
2004-11-30,0.252299
2004-12-01,0.128584
2004-12-02,0.0453531
2004-12-03,0.205729
2004-12-04,0.22155
2004-12-05,0.226817
2004-12-06,0.250032
2004-12-07,0.21393
2004-12-08,0.303434
2004-12-09,0.278216
2004-12-10,0.304786
2004-12-11,0.301406
2004-12-12,0.294038
2004-12-13,0.286482
2004-12-14,0.28169
2004-12-15,0.241406
2004-12-16,0.0697474
2004-12-17,0.225432
2004-12-18,0.324339
2004-12-19,0.259917
2004-12-20,0.205375
2004-12-21,0.284487
2004-12-22,0.236916
2004-12-23,0.283177
2004-12-24,0.271781
2004-12-25,0.0488012
2004-12-26,0.0757113
2004-12-27,0.246608
2004-12-28,0.141356
2004-12-29,0.189241
2004-12-30,0.294733
2007-01-29,0.415725
2007-01-30,1.09258
2007-01-31,1.08112
2007-02-01,1.02102
2007-02-02,3.30934
2007-02-05,0.8312
2007-02-06,0.695513
2007-02-07,0.1967
2007-02-08,0.00385
2007-02-09,0.009075
2007-02-10,0.008425
2007-02-11,0.005575
2007-02-12,0.004025
2007-02-13,0.011425
2007-02-14,0.003025
2007-02-15,0.010275
2007-02-16,0.006625
2007-02-17,0.003525
2007-02-18,0.005475
2007-02-19,0.007575
2007-02-20,0.010975
2007-02-21,0.0092
2007-02-22,0.00845
2007-02-23,0.0082
2007-02-24,0.00485
2007-02-25,0.010775
2007-02-26,0.00695
2007-02-27,0.0075
2007-02-28,0.007325
2007-03-01,0.001675
2007-03-02,0.007725
2007-03-03,0.009825
2007-03-04,0.00955
2007-03-05,0.009875
2007-03-06,0.004925
2007-03-07,0.340175
2007-03-08,0.009225
2007-03-09,0.0096
2007-03-10,0.0087
2007-03-11,0.008425
2007-03-12,0.0097
2007-03-13,0.006475
2007-03-14,0.00775
2007-03-15,0.007725
2007-03-16,0.0072
2007-03-17,0.004375
2007-03-18,0.007975
2007-03-19,0.005125
2007-03-20,0.006
2007-03-21,0.00795
2007-03-22,0.0059
2007-03-23,0.0085
2007-03-24,0.006825
2007-03-25,0.001775
2007-03-26,0.006575
2007-03-27,0.00725
2007-03-28,0.00635
2007-03-29,0.006725
2007-03-30,0.00575
2007-04-02,0.005425
2007-04-03,0.006475
2007-04-04,0.009125
2007-04-05,0.0072
2007-04-06,0.0064
2007-04-07,0.0085
2007-04-08,0.007275
2007-04-09,0.008175
2007-04-10,0.00835
2007-04-11,0.0093
2007-04-12,0.0059
2007-04-13,0.006475
2007-04-14,0.009175
2007-04-15,0.0073
2007-04-16,0.008075
2007-04-17,0.007075
2007-04-18,0.009075
2007-04-19,1.7474
2007-04-20,0.521625
2007-04-21,0.296425
2007-04-22,0.201525
2007-04-23,0.008075
2007-04-24,0.00725
2007-04-25,0.0052
2007-04-26,0.00675
2007-04-27,0.007975
2007-04-28,0.00665
2007-04-29,0.00655
2007-04-30,0.007325
2007-05-01,0.0079
2007-05-02,0.007825
2007-05-03,0.0051
2007-05-04,0.00305
2007-05-05,0.0093
2007-05-06,0.009525
2007-05-07,0.008525
2007-05-08,0.01005
2007-05-09,0.010875
2007-05-10,0.009575
2007-05-11,0.008075
2007-05-12,0.0093
2007-05-13,0.0081
2007-05-14,0.00555
2007-05-16,0.004925
2007-05-17,0.01195
2007-05-18,0.0088
2007-05-19,0.008325
2007-05-20,0.002275
2007-05-21,0.99585
2007-05-22,4.61509
2007-05-23,4.89237
2007-05-24,4.92931
2007-05-25,4.19136
2007-05-26,3.364
2007-05-27,4.29425
2007-05-28,0.795085
2007-05-29,4.22382
2007-05-30,4.81737
2007-05-31,3.27589
2007-06-01,3.44846
2007-06-02,4.76612
2007-06-03,4.52375
2007-06-04,4.13698
2007-06-05,4.61054
2007-06-06,2.565
2007-06-07,4.6571
2007-06-08,4.75527
2007-06-09,5.01686
2007-06-10,4.87789
2007-06-11,4.86047
2007-06-12,5.00918
2007-06-13,4.98924
2007-06-14,3.82262
2007-06-15,2.68037
2007-06-16,4.90958
2007-06-17,4.72539
2007-06-18,4.55772
2007-06-19,5.05818
2007-06-20,4.80131
2007-06-21,4.81485
2007-06-22,4.38052
2007-06-23,5.01099
2007-06-24,7.24069
2007-06-25,4.36973
2007-06-26,4.66934
2007-06-27,4.73716
2007-06-28,5.11775
2007-06-29,4.82152
2007-06-30,4.70068
2007-07-01,4.50736
2007-07-02,4.47507
2007-07-03,3.38503
2007-07-04,2.30099
2007-07-05,2.93676
2007-07-06,5.76367
2007-07-07,5.55081
2007-07-08,2.40463
2007-07-09,3.98343
2007-07-10,3.9544
2007-07-11,4.72585
2007-07-12,5.19089
2007-07-13,5.23511
2007-07-14,4.9955
2007-07-15,5.0843
2007-07-16,5.22198
2007-07-17,4.69479
2007-07-18,5.02392
2007-07-19,4.49517
2007-07-20,3.66958
2007-07-21,3.81944
2007-07-22,4.7663
2007-07-23,3.93758
2007-07-24,4.72412
2007-07-25,4.9448
2007-07-26,4.76704
2007-07-27,5.01916
2007-07-28,4.95896
2007-07-29,4.258
2007-07-30,4.95342
2007-07-31,2.45773
2007-08-01,4.863
2007-08-02,3.35365
2007-08-03,4.88446
2007-08-04,5.10055
2007-08-05,4.85967
2007-08-06,4.2407
2007-08-07,2.97121
2007-08-08,2.06155
2007-08-09,1.89865
2007-08-10,4.15194
2007-08-11,4.29052
2007-08-12,4.31818
2007-08-13,4.03444
2007-08-14,4.19088
2007-08-15,4.64822
2007-08-16,4.56751
2007-08-17,1.95926
2007-08-22,3.63544
2007-08-23,3.79891
2007-08-24,4.06577
2007-08-25,3.90431
2007-08-26,4.30169
2007-08-27,3.97942
2007-08-28,3.04393
2007-08-29,2.39395
2007-08-30,3.92491
2007-08-31,3.88958
2007-09-01,3.62864
2007-09-02,3.64384
2007-09-03,3.47172
2007-09-04,3.56348
2007-09-05,3.57413
2007-09-06,3.37119
2007-09-07,3.54425
2007-09-08,3.49468
2007-09-09,3.43663
2007-09-10,3.37164
2007-09-11,3.35964
2007-09-12,2.9926
2007-09-13,3.01357
2007-09-14,2.85746
2007-09-15,3.28838
2007-09-16,2.94743
2007-09-17,2.42773
2007-09-18,2.80211
2007-09-19,3.0498
2007-09-20,2.97248
2007-09-21,2.92725
2007-09-22,2.48774
2007-09-23,2.63266
2007-09-24,2.76914
2007-09-25,1.8201
2007-09-26,1.78097
2007-09-27,0.945425
2007-09-28,2.13546
2007-09-29,2.47436
2007-09-30,2.09992
2007-10-01,2.38011
2007-10-02,2.5697
2007-10-03,2.58135
2007-10-04,1.45992
2007-10-05,1.66223
2007-10-06,1.94476
2007-10-07,2.32391
2007-10-08,2.26466
2007-10-09,2.13445
2007-10-10,1.29163
2007-10-11,1.74855
2007-10-12,1.49235
2007-10-13,2.03468
2007-10-14,1.67338
2007-10-15,1.71168
2007-10-16,1.64646
2007-10-17,1.52092
2007-10-18,1.51093
2007-10-19,1.41598
2007-10-20,1.30031
2007-10-21,1.41276
2007-10-22,1.28739
2007-10-23,1.37057
2007-10-24,0.38021
2007-10-25,0.851075
2007-10-26,0.895281
2007-10-27,1.36919
2007-10-28,1.40721
2007-10-29,1.38423
2007-10-30,0.83772
2007-10-31,1.38187
2007-11-01,1.35632
2007-11-02,1.33222
2007-11-03,1.31791
2007-11-04,1.31401
2007-11-05,1.17601
2007-11-06,1.26341
2007-11-07,0.961919
2007-11-08,1.39961
2007-11-09,0.668055
2007-11-10,0.650065
2007-11-11,1.17315
2007-11-12,1.04324
2007-11-13,0.723056
2007-11-14,0.72414
2007-11-15,0.702125
2007-11-16,0.803105
2007-11-17,0.772805
2007-11-18,0.893075
2007-11-19,0.716956
2007-11-20,0.43684
2007-11-21,0.10731
2007-11-22,0.12752
2007-11-23,0.16531
2007-11-24,0.422085
2007-11-25,0.74207
2007-11-26,0.87155
2007-11-27,0.862525
2007-11-28,0.515344
2007-11-29,0.767669
2007-11-30,0.815465
2007-12-01,0.67577
2007-12-02,0.59912
2007-12-03,0.180465
2007-12-04,0.68701
2007-12-05,0.33045
2007-12-06,0.652562
2007-12-07,0.584
2007-12-08,0.542156
2007-12-09,0.53688
2007-12-10,0.610719
2007-12-11,0.502856
2007-12-12,0.521869
2007-12-13,0.54165
2007-12-14,0.579856
2007-12-15,0.460481
2007-12-16,0.507475
2007-12-17,0.398269
2007-12-18,0.507925
2007-12-19,0.539744
2007-12-20,0.527413
2007-12-21,0.492687
2007-12-22,0.415894
2007-12-23,0.515669
2007-12-24,0.540219
2007-12-25,0.569575
2007-12-26,0.213981
2007-12-27,0.463488
2007-12-28,0.5149
2007-12-29,0.516788
2007-12-30,0.509356
2007-12-31,0.561856
2008-01-01,0.469265
2008-01-02,0.196725
2008-01-07,0.860525
2008-01-08,0.822583
2008-01-09,0.71403
2008-01-10,0.71781
2008-01-11,0.266575
2008-01-12,0.11217
2008-01-13,0.55264
2008-01-14,0.176113
2008-01-15,0.466869
2008-01-16,0.50651
2008-01-17,0.895137
2008-01-18,1.14742
2008-01-19,1.12814
2008-01-20,1.08425
2008-01-21,0.874738
2008-01-22,0.725355
2008-01-23,0.956425
2008-01-24,0.950881
2008-01-25,0.85044
2008-01-26,0.84797
2008-01-27,0.72977
2008-01-28,1.01121
2008-01-29,0.9677
2008-01-30,0.590056
2008-01-31,0.9408
2008-02-01,0.66406
2008-02-02,1.00801
2008-02-03,1.12233
2008-02-04,0.278113
2008-02-05,1.15235
2008-02-06,1.14462
2008-02-07,1.12195
2008-02-08,1.12713
2008-02-09,1.05051
2008-02-10,1.03436
2008-02-11,0.84355
2008-02-12,1.10606
2008-02-13,1.16198
2008-02-14,1.24168
2008-02-15,1.24891
2008-02-16,1.27776
2008-02-17,1.12973
2008-02-18,1.75694
2008-02-19,1.95836
2008-02-20,0.863263
2008-02-21,1.5676
2008-02-22,2.0279
2008-02-23,1.83027
2008-02-24,1.98056
2008-02-25,1.85678
2008-02-26,1.63627
2008-02-27,1.65334
2008-02-28,1.58942
2008-02-29,1.39566
2008-03-01,1.7833
2008-03-02,2.06666
2008-03-03,2.19749
2008-03-04,1.41384
2008-03-05,1.33524
2008-03-06,1.42637
2008-03-07,1.30391
2008-03-08,0.92467
2008-03-09,0.969315
2008-03-10,1.00454
2008-03-11,1.57209
2008-03-12,1.62844
2008-03-13,2.61515
2008-03-14,2.65303
2008-03-15,2.55775
2008-03-16,2.24556
2008-03-17,1.6815
2008-03-18,2.49328
2008-03-19,2.23387
2008-03-20,2.34704
2008-03-21,0.366515
2008-03-22,2.25561
2008-03-23,2.23354
2008-03-24,1.97277
2008-03-25,2.79835
2008-03-26,3.13681
2008-03-27,2.42521
2008-03-28,3.10962
2008-03-29,3.07631
2008-03-30,2.5506
2008-03-31,1.31547
2008-04-01,2.79181
2008-04-02,0.714756
2008-04-03,3.2393
2008-04-04,3.05238
2008-04-05,3.40717
2008-04-06,3.23712
2008-04-07,3.23622
2008-04-08,1.89239
2008-04-09,1.24891
2008-04-10,1.38565
2008-04-11,1.51333
2008-04-12,3.00636
2008-04-13,3.50751
2008-04-14,1.35707
2008-04-15,3.26187
2008-04-16,3.14679
2008-04-17,2.06737
2008-04-18,3.18434
2008-04-19,3.72871
2008-04-20,2.48057
2008-04-21,1.19809
2008-04-22,3.04604
2008-04-23,3.98276
2008-04-24,3.81587
2008-04-25,3.99705
2008-04-26,4.02556
2008-04-27,4.351
2008-04-28,1.72825
2008-04-29,4.24866
2008-04-30,3.64617
2008-05-01,3.58587
2008-05-02,3.81003
2008-05-03,4.3387
2008-05-04,4.42231
2008-05-05,4.59507
2008-05-06,3.96092
2008-05-07,4.38505
2008-05-08,4.33639
2008-05-09,3.89788
2008-05-10,4.19541
2008-05-11,1.94532
2008-05-12,4.12486
2008-05-13,4.15848
2008-05-14,3.95283
2008-05-15,1.69832
2008-05-16,4.44951
2008-05-17,3.28998
2008-05-18,3.72834
2008-05-19,4.23629
2008-05-20,2.54483
2008-05-21,3.60134
2008-05-22,4.66536
2008-05-23,4.67047
2008-05-24,2.60737
2008-05-25,2.07071
2008-05-26,1.86119
2008-05-27,3.07784
2008-05-30,4.03068
2008-05-31,4.27698
2008-06-01,1.88769
2008-06-02,2.86928
2008-06-03,4.69522
2008-06-04,1.01735
2008-06-05,2.45189
2008-06-06,4.63952
2008-06-07,2.96534
2008-06-08,5.27322
2008-06-09,3.93304
2008-06-10,3.42219
2008-06-11,4.21501
2008-06-12,4.89651
2008-06-13,4.55018
2008-06-14,4.57758
2008-06-15,3.32433
2008-06-16,2.1122
2008-06-17,5.10954
2008-06-18,5.01166
2008-06-19,5.08418
2008-06-20,5.20408
2008-06-21,5.4344
2008-06-22,5.43676
2008-06-23,5.55823
2008-06-24,4.07971
2008-06-25,4.80889
2008-06-26,5.10051
2008-06-27,5.34589
2008-06-28,5.46418
2008-06-29,5.71753
2008-06-30,5.57102
2008-07-01,5.37454
2008-07-02,5.19697
2008-07-03,2.93436
2008-07-04,5.10267
2008-07-05,5.07017
2008-07-06,4.10217
2008-07-07,3.70498
2008-07-08,4.85367
2008-07-09,5.20767
2008-07-10,5.22831
2008-07-11,4.95158
2008-07-12,5.46002
2008-07-13,5.0129
2008-07-14,4.56672
2008-07-15,5.37624
2008-07-16,5.16529
2008-07-17,3.78908
2008-07-18,5.30563
2008-07-19,5.28815
2008-07-20,2.94794
2008-07-21,4.59676
2008-07-22,4.77537
2008-07-23,5.07998
2008-07-24,5.0543
2008-07-25,4.7129
2008-07-26,4.50264
2008-07-27,4.39478
2008-07-28,5.01982
2008-07-29,5.00658
2008-07-30,4.55893
2008-07-31,4.72224
2008-08-01,1.4577
2008-08-02,4.83618
2008-08-03,5.0301
2008-08-04,5.07234
2008-08-05,5.31507
2008-08-06,2.85063
2008-08-07,2.5923
2008-08-08,4.3858
2008-08-09,4.52493
2008-08-10,4.60824
2008-08-11,3.69101
2008-08-12,2.25786
2008-08-13,4.61243
2008-08-14,4.19861
2008-08-15,1.96873
2008-08-16,3.92662
2008-08-17,3.534
2008-08-18,4.69252
2008-08-19,4.46248
2008-08-20,4.31098
2008-08-21,4.38266
2008-08-22,2.90944
2008-08-23,4.3271
2008-08-24,4.47657
2008-08-25,3.6572
2008-08-26,3.97622
2008-08-27,4.04001
2008-08-28,3.84319
2008-08-29,4.22821
2008-08-30,4.23761
2008-08-31,2.47537
2008-09-01,4.07465
2008-09-02,3.84243
2008-09-03,3.28438
2008-09-04,0.807875
2008-09-05,3.30484
2008-09-06,3.40162
2008-09-07,3.39497
2008-09-08,3.77786
2008-09-09,3.38595
2008-09-10,3.06395
2008-09-12,2.4836
2008-09-13,1.50213
2008-09-14,2.50888
2008-09-18,2.71616
2008-09-19,3.27518
2008-09-20,0.987475
2008-09-22,1.01207
2008-09-23,2.92551
2008-09-24,2.49576
2008-09-25,2.52312
2008-09-26,2.41821
2008-09-27,2.2209
2008-09-28,2.49413
2008-09-29,2.85615
2008-09-30,2.2965
2008-10-01,2.54147
2008-10-02,2.27628
2008-10-03,1.94784
2008-10-04,2.01332
2008-10-05,2.08831
2008-10-06,1.98211
2008-10-07,2.00314
2008-10-08,1.5686
2008-10-09,1.96089
2008-10-10,2.18029
2008-10-11,2.12703
2008-10-12,1.82671
2008-10-13,1.81725
2008-10-14,1.41781
2008-10-15,1.84066
2008-10-16,1.00765
2008-10-17,1.97331
2008-10-18,1.16921
2008-10-19,1.7707
2008-10-20,1.70446
2008-10-21,1.26696
2008-10-22,0.689425
2008-10-23,1.09465
2008-10-24,1.60857
2008-10-25,1.55592
2008-10-26,1.66962
2008-10-27,0.903787
2008-10-28,0.481075
2008-10-29,0.3357
2008-10-30,1.25769
2008-10-31,0.63184
2008-11-01,1.40992
2008-11-02,0.847605
2008-11-03,0.950495
2008-11-04,0.119905
2008-11-05,0.160445
2008-11-06,0.661955
2008-11-07,1.04945
2008-11-08,1.04999
2008-11-09,1.04891
2008-11-10,1.07447
2008-11-11,0.442738
2008-11-12,0.757995
2008-11-13,0.899575
2008-11-14,1.05739
2008-11-15,1.15889
2008-11-16,1.12987
2008-11-17,1.07295
2008-11-18,0.75691
2008-11-19,0.965106
2008-11-20,0.742605
2008-11-21,0.262506
2008-11-22,0.562375
2008-11-23,0.80379
2008-11-24,0.85275
2008-11-25,0.832755
2008-11-26,0.70911
2008-11-27,0.799469
2008-11-28,0.316869
2008-11-29,0.83015
2008-11-30,0.656406
2008-12-01,0.50798
2008-12-02,0.603606
2008-12-03,0.576838
2008-12-04,0.54301
2008-12-05,0.40575
2008-12-06,0.267725
2008-12-07,0.732413
2008-12-08,0.73079
2008-12-09,0.642944
2008-12-10,0.0301
2008-12-11,0.29715
2008-12-12,0.57805
2008-12-13,0.460306
2008-12-14,0.327545
2008-12-15,0.09331
2008-12-16,0.172456
2008-12-17,0.26643
2008-12-18,0.664963
2008-12-19,0.632306
2008-12-20,0.662012
2008-12-21,0.63305
2008-12-22,0.590583
2008-12-23,0.595917
2008-12-24,0.569415
2008-12-25,0.188869
2008-12-26,0.53677
2008-12-27,0.688725
2008-12-29,0.778806
2008-12-30,0.517335
2008-12-31,0.25415
2009-01-01,0.688935
2009-01-02,0.016
2009-01-07,0.482365
2009-01-08,0.2043
2009-01-09,0.72054
2009-01-10,0.714955
2009-01-11,0.70234
2009-01-12,0.552256
2009-01-13,0.777495
2009-01-14,0.782769
2009-01-15,0.0503333
2009-01-26,0.36435
2009-01-27,0.744835
2009-01-28,1.1334
2009-01-29,1.21971
2009-01-30,1.26373
2009-01-31,1.30234
2009-02-01,0.40828
2009-02-02,0.285275
2009-02-03,0.87062
2009-02-04,1.13604
2009-02-05,0.453245
2009-02-06,0.255069
2009-02-07,0.38361
2009-02-08,1.04283
2009-02-09,0.977087
2009-02-10,0.60131
2009-02-11,0.78996
2009-02-12,0.89789
2009-02-13,1.15689
2009-02-14,1.12834
2009-02-15,1.24516
2009-02-16,1.1323
2009-02-17,1.38436
2009-02-18,1.24636
2009-02-19,1.37349
2009-02-20,1.44881
2009-02-21,1.54015
2009-02-22,1.41861
2009-02-23,1.45612
2009-02-24,1.49614
2009-02-25,1.57239
2009-02-26,1.66826
2009-02-27,1.73832
2009-02-28,1.67213
2009-03-01,0.579869
2009-03-03,1.64233
2009-03-04,1.19397
2009-03-05,0.53922
2009-03-06,1.68223
2009-03-07,1.96564
2009-03-08,2.82517
2009-03-09,0.357538
2009-03-10,0.883535
2009-03-11,2.12862
2009-03-12,2.33443
2009-03-13,2.78499
2009-03-14,2.44761
2009-03-15,2.52645
2009-03-16,2.62889
2009-03-17,0.364425
2009-03-18,1.64275
2009-03-19,1.88382
2009-03-20,1.45092
2009-03-21,1.80322
2009-03-22,1.96638
2009-03-23,0.349388
2009-03-30,2.64527
2009-03-31,3.00138
2009-04-01,2.10874
2009-04-02,1.92674
2009-04-03,3.20068
2009-04-04,3.20325
2009-04-05,3.13801
2009-04-06,1.43106
2009-04-07,1.50207
2009-04-08,1.95572
2009-04-09,3.28469
2009-04-10,1.68142
2009-04-11,2.0791
2009-04-12,1.92499
2009-04-13,3.60402
2009-04-14,3.22409
2009-04-15,3.1483
2009-04-16,1.18508
2009-04-17,2.82137
2009-04-18,3.6755
2009-04-19,0.625075
2009-04-20,2.63442
2009-04-21,3.9388
2009-04-22,3.96425
2009-04-23,3.8779
2009-04-24,3.14388
2009-04-25,3.05437
2009-04-26,2.28942
2009-04-27,0.119637
2009-04-28,2.39991
2009-04-29,2.91164
2009-04-30,3.71765
2009-05-01,3.8635
2009-05-02,4.08777
2009-05-03,4.21778
2009-05-04,3.24569
2009-05-06,4.76997
2009-05-07,4.53015
2009-05-08,3.77075
2009-05-09,3.92334
2009-05-10,3.34184
2009-05-11,3.74481
2009-05-12,3.10707
2009-05-13,2.27887
2009-05-14,2.50069
2009-05-15,1.94942
2009-05-16,5.10555
2009-05-17,3.5111
2009-05-18,0.91583
2009-05-20,3.50172
2009-05-21,3.01331
2009-05-22,3.37309
2009-05-23,3.47195
2009-05-24,3.66604
2009-05-25,0.832575
2009-05-29,5.29642
2009-06-01,3.47056
2009-06-02,4.76211
2009-06-03,5.03085
2009-06-04,2.73261
2009-06-10,3.65441
2009-06-11,5.13241
2009-06-12,6.14874
2009-06-13,5.92538
2009-06-14,5.68514
2009-06-15,0.9532
2009-06-16,1.54866
2009-06-17,4.94769
2009-06-18,5.45817
2009-06-19,4.49387
2009-06-20,5.00993
2009-06-21,4.8585
2009-06-22,3.59677
2009-06-23,4.7497
2009-06-24,5.33422
2009-06-25,4.23685
2009-06-26,5.12649
2009-06-27,4.83862
2009-06-28,5.28877
2009-06-29,1.56734
2009-06-30,2.3338
2009-07-01,5.24644
2009-07-02,5.27212
2009-07-03,5.25832
2009-07-04,5.02421
2009-07-05,4.76957
2009-07-06,1.82939
2009-07-07,4.81282
2009-07-08,4.80038
2009-07-09,5.2263
2009-07-11,4.87881
2009-07-12,3.57325
2009-07-13,5.23888
2009-07-14,4.85333
2009-07-15,4.67133
2009-07-16,5.47823
2009-07-17,4.13078
2009-07-18,4.01986
2009-07-19,5.05408
2009-07-20,4.9952
2009-07-21,3.72783
2009-07-22,3.65854
2009-07-23,2.63131
2009-07-24,5.05884
2009-07-25,5.03141
2009-07-26,4.96584
2009-07-27,4.56047
2009-07-28,4.52429
2009-07-29,4.68372
2009-07-30,4.57801
2009-07-31,4.07287
2009-08-01,4.4289
2009-08-02,2.89286
2009-08-03,3.0536
2009-08-04,4.75626
2009-08-05,4.57931
2009-08-06,4.73908
2009-08-07,4.67945
2009-08-08,2.6461
2009-08-09,4.60221
2009-08-10,3.88594
2009-08-11,4.68356
2009-08-12,4.3617
2009-08-13,4.67961
2009-08-14,4.42389
2009-08-15,4.14667
2009-08-16,4.27822
2009-08-17,4.17655
2009-08-18,4.00684
2009-08-19,4.09682
2009-08-20,4.06581
2009-08-21,3.73136
2009-08-22,4.13401
2009-08-23,4.40312
2009-08-24,4.18224
2009-08-25,3.22696
2009-08-26,3.08626
2009-08-27,4.13535
2009-08-28,4.25329
2009-08-29,4.24898
2009-08-30,3.98757
2009-08-31,4.04286
2009-09-01,3.89762
2009-09-02,3.15565
2009-09-03,2.84244
2009-09-04,3.4987
2009-09-05,3.60763
2009-09-06,3.54865
2009-09-07,3.52565
2009-09-08,3.26102
2009-09-09,3.09405
2009-09-10,3.09677
2009-09-11,3.2701
2009-09-12,2.88176
2009-09-13,3.17882
2009-09-14,3.04492
2009-09-15,1.57024
2009-09-16,1.37093
2009-09-17,3.20983
2009-09-18,2.85796
2009-09-19,2.37393
2009-09-20,2.38369
2009-09-21,1.62605
2009-09-22,2.87152
2009-09-23,2.94459
2009-09-24,2.71169
2009-09-25,2.42472
2009-09-26,1.98198
2009-09-27,2.41329
2009-09-28,2.54208
2009-09-29,2.76803
2009-09-30,2.50729
2009-10-01,2.26917
2009-10-02,2.31829
2009-10-03,2.49503
2009-10-04,2.4769
2009-10-05,0.584825
2009-10-07,2.21564
2009-10-08,1.2306
2009-10-09,1.79481
2009-10-10,1.19598
2009-10-11,2.30271
2009-10-12,2.0408
2009-10-13,1.98409
2009-10-14,1.88244
2009-10-15,1.56345
2009-10-16,1.96196
2009-10-17,1.93198
2009-10-18,1.72819
2009-10-19,1.73053
2009-10-20,1.44055
2009-10-21,0.123419
2009-10-22,1.45087
2009-10-23,1.29571
2009-10-24,1.70139
2009-10-25,1.53745
2009-10-26,1.51328
2009-10-27,1.50296
2009-10-28,1.48408
2009-10-29,1.34715
2009-10-30,1.17745
2009-10-31,0.909675
2009-11-01,1.15924
2009-11-02,0.657562
2009-11-03,0.20935
2009-11-05,1.01955
2009-11-06,1.08044
2009-11-07,0.961956
2009-11-08,0.764895
2009-11-09,0.967083
2009-11-10,1.11845
2009-11-11,1.1161
2009-11-12,1.08487
2009-11-13,0.85015
2009-11-14,0.772475
2009-11-15,0.736862
2009-11-16,0.95309
2009-11-17,0.764065
2009-11-18,0.71825
2009-11-19,0.79884
2009-11-20,0.793965
2009-11-21,0.788456
2009-11-22,0.457675
2009-11-23,0.786794
2009-11-24,0.872675
2009-11-25,0.809995
2009-11-26,0.687065
2009-11-27,0.699765
2009-11-28,0.569055
2009-11-29,0.174305
2009-11-30,0.134094
2009-12-01,0.60585
2009-12-02,0.657838
2009-12-03,0.453675
2009-12-04,0.593537
2009-12-05,0.552963
2009-12-06,0.521513
2009-12-07,0.389869
2009-12-08,0.663331
2009-12-09,0.661194
2009-12-10,0.581463
2009-12-11,0.591969
2009-12-12,0.489415
2009-12-13,0.392585
2009-12-14,0.464881
2009-12-15,0.406775
2009-12-16,0.456
2009-12-17,0.487375
2009-12-18,0.219063
2009-12-21,0.034225
2009-12-22,0.201733
2009-12-23,0.0767
2009-12-24,0.172895
2009-12-25,0.572495
2009-12-26,0.45491
2009-12-27,0.509413
2009-12-28,0.19115
2009-12-29,0.487094
2009-12-30,0.138265
2009-12-31,0.427563
2010-01-01,0.46045
2010-01-02,0.511619
2010-01-03,0.383075
2010-01-04,0.364262
2010-01-05,0.522919
2010-01-06,0.483881
2010-01-07,0.22177
2010-01-08,0.1041
2010-01-09,0.260987
2010-01-10,0.44457
2010-01-11,0.66845
2010-01-12,0.453362
2010-01-13,0.478865
2010-01-14,0.30391
2010-01-15,0.64441
2010-01-16,0.54484
2010-01-17,0.610169
2010-01-18,0.74425
2010-01-19,0.785125
2010-01-20,0.552619
2010-01-21,0.8059
2010-01-22,0.939881
2010-01-23,0.9009
2010-01-24,0.815065
2010-01-25,0.642075
2010-01-26,0.536862
2010-01-27,0.988875
2010-01-28,0.98123
2010-01-29,0.830181
2010-01-30,0.615456
2010-01-31,0.912037
2010-02-01,0.7515
2010-02-02,0.975963
2010-02-03,1.14147
2010-02-04,0.937495
2010-02-05,0.116912
2010-02-08,1.04901
2010-02-09,0.800285
2010-02-10,0.880831
2010-02-11,0.82101
2010-02-12,1.06529
2010-02-13,1.23296
2010-02-14,1.32736
2010-02-15,1.56278
2010-02-16,1.17418
2010-02-17,0.752537
2010-02-18,1.32752
2010-02-19,0.928092
2010-02-20,1.41803
2010-02-21,1.57054
2010-02-22,1.55097
2010-02-23,1.22215
2010-02-24,1.5252
2010-02-25,1.56313
2010-02-26,1.16697
2010-02-27,1.54631
2010-02-28,1.2506
2010-03-01,2.15345
2010-03-02,2.04392
2010-03-03,0.647517
2010-03-04,1.14869
2010-03-05,1.44599
2010-03-06,1.30604
2010-03-07,1.17423
2010-03-08,1.46747
2010-03-09,1.14089
2010-03-10,1.06148
2010-03-11,1.94881
2010-03-12,2.31423
2010-03-13,1.97578
2010-03-14,2.15795
2010-03-15,2.02967
2010-03-16,1.97848
2010-03-17,2.29452
2010-03-18,2.18695
2010-03-19,2.26176
2010-03-20,1.27839
2010-03-21,2.56242
2010-03-22,1.55597
2010-03-23,2.70622
2010-03-24,1.61379
2010-03-25,0.503708
2010-03-26,1.15078
2010-03-27,1.77062
2010-03-28,2.58284
2010-03-29,3.00361
2010-03-30,0.9787
2010-03-31,2.00585
2010-04-01,1.87318
2010-04-02,2.66423
2010-04-03,1.68434
2010-04-04,1.43832
2010-04-05,2.59531
2010-04-06,2.8987
2010-04-07,2.8647
2010-04-08,1.7596
2010-04-09,3.00148
2010-04-10,2.98633
2010-04-11,2.8529
2010-04-12,1.99251
2010-04-13,2.02784
2010-04-14,2.79743
2010-04-15,2.70063
2010-04-16,3.18202
2010-04-17,3.32928
2010-04-18,3.13339
2010-04-19,3.23684
2010-04-20,3.15394
2010-04-21,3.77397
2010-04-22,3.72416
2010-04-23,1.94132
2010-04-24,3.93714
2010-04-25,3.1098
2010-04-26,3.67831
2010-04-27,2.39354
2010-04-28,3.9311
2010-04-29,4.16418
2010-04-30,3.24063
2010-05-01,1.91032
2010-05-02,1.61773
2010-05-03,2.79857
2010-05-04,1.95435
2010-05-05,0.437463
2010-05-06,3.53293
2010-05-07,1.56183
2010-05-08,3.57039
2010-05-09,2.39699
2010-05-10,4.13621
2010-05-11,3.53643
2010-05-12,3.91125
2010-05-13,3.37021
2010-05-14,2.21591
2010-05-15,3.33069
2010-05-16,3.57164
2010-05-17,4.08551
2010-05-18,4.20508
2010-05-19,4.07749
2010-05-20,4.95136
2010-05-21,4.45741
2010-05-22,4.10366
2010-05-28,4.29385
2010-05-29,4.30017
2010-05-30,3.00828
2010-05-31,5.0415
2010-06-01,5.05845
2010-06-02,4.45396
2010-06-03,3.69627
2010-06-04,4.48545
2010-06-05,4.56356
2010-06-06,4.84013
2010-06-07,4.54012
2010-06-08,3.40571
2010-06-09,1.35577
2010-06-10,3.18123
2010-06-11,4.67472
2010-06-12,4.68139
2010-06-13,2.75647
2010-06-14,4.79973
2010-06-15,2.20435
2010-06-16,1.72358
2010-06-17,0.922275
2010-06-18,4.6969
2010-06-19,3.54791
2010-06-20,3.1519
2010-06-21,4.65044
2010-06-22,4.76513
2010-06-23,4.64144
2010-06-24,4.77345
2010-06-25,4.08919
2010-06-26,4.6195
2010-06-27,4.48526
2010-06-28,4.54227
2010-06-29,4.3221
2010-06-30,4.74786
2010-07-01,4.59797
2010-07-02,4.48026
2010-07-03,4.7566
2010-07-04,4.86215
2010-07-05,4.8531
2010-07-06,4.51857
2010-07-07,5.01695
2010-07-08,4.65764
2010-07-09,4.21122
2010-07-10,4.46289
2010-07-11,4.5619
2010-07-12,4.70372
2010-07-13,4.82137
2010-07-14,4.46088
2010-07-15,4.83386
2010-07-16,4.63542
2010-07-17,3.77364
2010-07-18,5.02811
2010-07-19,4.79853
2010-07-20,4.9888
2010-07-21,4.66494
2010-07-22,3.44727
2010-07-23,4.06129
2010-07-24,4.64014
2010-07-25,4.13046
2010-07-26,4.49145
2010-07-27,4.667
2010-07-28,4.32508
2010-07-29,2.85937
2010-07-30,4.5826
2010-07-31,4.8193
2010-08-01,4.71291
2010-08-02,3.47936
2010-08-03,4.54881
2010-08-04,4.40261
2010-08-05,2.07752
2010-08-06,4.11895
2010-08-07,4.54261
2010-08-08,4.74234
2010-08-09,4.55485
2010-08-10,4.42261
2010-08-11,4.38104
2010-08-12,4.41302
2010-08-13,4.16751
2010-08-14,1.21688
2010-08-15,3.32409
2010-08-16,3.04853
2010-08-17,4.46861
2010-08-18,3.35939
2010-08-19,4.36932
2010-08-20,1.79712
2010-08-21,0.0159125
2010-08-23,3.03081
2010-08-24,2.45605
2010-08-25,0.029475
2010-08-26,2.47405
2010-08-30,4.08847
2010-08-31,3.83838
2010-09-01,3.91832
2010-09-02,3.56894
2010-09-03,3.64112
2010-09-04,3.65922
2010-09-05,3.40951
2010-09-06,3.33133
2010-09-07,1.36221
2010-09-08,3.23307
2010-09-09,3.244
2010-09-10,3.55283
2010-09-11,3.54741
2010-09-12,3.38107
2010-09-13,2.95762
2010-09-14,2.7577
2010-09-15,3.07803
2010-09-16,3.25988
2010-09-17,1.64023
2010-09-18,1.29034
2010-09-19,2.98005
2010-09-20,2.83401
2010-09-21,2.37753
2010-09-22,2.61225
2010-09-23,2.64458
2010-09-24,0.813612
2010-09-28,2.39727
2010-10-01,2.3108
2010-10-12,0.04095
2010-10-13,0.04145
2010-10-14,0.040625
2010-10-15,0.00955
2010-10-16,0.00875
2010-10-17,0.008225
2010-10-18,0.0115
2010-10-19,0.044375
2010-10-20,0.0484
2010-10-21,0.044075
2010-10-22,1.10442
2010-10-26,0.0438
2010-10-27,0.0417
2010-10-28,0.041875
2010-10-29,0.0031
2010-10-30,0.004675
2010-10-31,0.00245
2010-11-01,0.00645
2010-11-02,0.251325
2010-11-03,1.26068
2010-11-04,1.41614
2010-11-05,1.17247
2010-11-06,1.30954
2010-11-07,0.8849
2010-11-08,1.04533
2010-11-09,0.977908
2010-11-10,0.602775
2010-11-11,0.976392
2010-11-12,0.763417
2010-11-13,1.00326
2010-11-14,0.257767
2010-11-15,0.254438
2010-11-16,0.518888
2010-11-17,0.941725
2010-11-18,0.5949
2010-11-19,0.816608
2010-11-20,0.559687
2010-11-21,0.47315
2010-11-22,0.682642
2010-11-23,0.713325
2010-11-24,0.735333
2010-11-25,0.563525
2010-11-26,0.562033
2010-11-27,0.370275
2010-11-28,0.486975
2010-11-29,0.59945
2010-11-30,0.3083
2010-12-01,0.371592
2010-12-02,0.549758
2010-12-03,0.582283
2010-12-04,0.543533
2010-12-05,0.382
2010-12-06,0.0476375
2010-12-07,0.351517
2010-12-08,0.50945
2010-12-09,0.6333
2010-12-10,0.694737
2010-12-11,0.750912
2010-12-12,0.70975
2010-12-13,0.559492
2010-12-14,0.482917
2010-12-15,0.456138
2010-12-16,0.483087
2010-12-17,0.162592
2010-12-18,0.547417
2010-12-19,0.608133
2010-12-20,0.551037
2010-12-21,0.221908
2010-12-22,0.2846
2010-12-23,0.242175
2010-12-24,0.355887
2010-12-25,0.276192
2010-12-26,0.499462
2010-12-27,0.566175
2010-12-28,0.462383
2010-12-29,0.507833
2010-12-30,0.52095
2010-12-31,0.555475
2011-01-01,0.610742
2011-01-02,0.634383
2011-01-03,0.4055
2011-01-04,0.622892
2011-01-05,0.606058
2011-01-06,0.392425
2011-01-07,0.478038
2011-01-08,0.632658
2011-01-09,0.18875
2011-01-10,0.6135
2011-01-11,0.4841
2011-01-12,0.710988
2011-01-13,0.926038
2011-01-14,0.282325
2011-01-17,0.808883
2011-01-18,0.764492
2011-01-19,0.746975
2011-01-20,0.6442
2011-01-21,0.626542
2011-01-22,0.63735
2011-01-23,0.684117
2011-01-24,0.760792
2011-01-25,0.8339
2011-01-26,0.764283
2011-01-27,0.67655
2011-01-28,0.631988
2011-01-29,0.7168
2011-01-30,0.353467
2011-01-31,0.764092
2011-02-01,0.943587
2011-02-02,1.01385
2011-02-03,1.15465
2011-02-04,1.12982
2011-02-05,1.07981
2011-02-06,1.29495
2011-02-07,1.21214
2011-02-08,1.08853
2011-02-09,1.2475
2011-02-10,1.32874
2011-02-11,1.11371
2011-02-12,1.18965
2011-02-13,1.17736
2011-02-14,1.12408
2011-02-15,0.361758
2011-02-16,0.68395
2011-02-17,1.1948
2011-02-18,1.19502
2011-02-19,1.61827
2011-02-20,0.633558
2011-02-21,1.5101
2011-02-22,1.13847
2011-02-23,1.40558
2011-02-24,1.19388
2011-02-25,1.5813
2011-02-26,1.25168
2011-02-27,1.61628
2011-02-28,1.13241
2011-03-01,1.76609
2011-03-02,1.71526
2011-03-03,1.41001
2011-03-04,1.93561
2011-03-05,1.92885
2011-03-06,2.126
2011-03-07,0.545275
2011-03-08,1.8054
2011-03-09,2.05749
2011-03-10,2.25635
2011-03-11,2.27755
2011-03-12,1.0582
2011-03-13,1.37535
2011-03-14,2.32438
2011-03-15,0.632425
2011-03-16,0.279325
2011-03-17,1.7352
2011-03-18,2.73537
2011-03-19,2.5527
2011-03-20,2.43884
2011-03-21,2.2314
2011-03-22,2.37178
2011-03-23,2.56855
2011-03-24,2.74933
2011-03-25,2.51024
2011-03-26,3.38235
2011-03-27,1.91513
2011-03-28,2.96118
2011-03-29,3.35335
2011-03-30,0.32185
2011-03-31,3.18828
2011-04-01,3.07744
2011-04-02,3.96053
2011-04-03,3.72524
2011-04-04,2.66774
2011-04-05,2.60952
2011-04-06,4.00569
2011-04-07,3.60087
2011-04-08,2.5716
2011-05-20,4.48459
2011-05-21,4.98239
2011-05-22,4.24069
2011-05-23,5.16642
2011-05-24,0.818183
2011-05-25,1.59997
2011-05-26,5.47682
2011-05-27,4.03288
2011-05-28,5.05347
2011-05-29,5.07088
2011-05-30,4.73365
2011-05-31,1.15861
2011-06-01,0.609675
2011-06-10,5.65477
2011-06-13,2.86648
2011-06-14,5.34415
2011-06-15,5.2986
2011-06-16,2.56997
2011-06-17,5.92112
2011-06-18,3.3792
2011-06-19,5.47722
2011-06-21,5.7395
2011-08-02,4.44088
2011-08-03,2.85434
2011-08-04,5.10179
2011-08-05,5.31595
2011-08-09,4.65648
2011-08-10,5.05055
2011-08-11,4.92359
2011-08-12,4.34194
2011-08-13,4.7456
2011-08-14,2.56651
2011-08-15,4.43167
2011-08-16,4.5053
2011-08-17,4.63978
2011-08-18,4.41146
2011-08-19,4.65028
2011-08-20,4.37782
2011-08-21,4.35556
2011-08-22,1.55755
2011-08-23,3.93808
2011-08-24,4.16796
2011-08-25,4.03379
2011-08-26,2.40504
2011-08-29,2.52318
2011-08-30,4.15718
2011-09-01,1.48316
2011-09-02,3.51899
2011-09-03,3.04537
2011-09-04,1.54535
2011-09-05,3.82604
2011-09-06,3.65581
2011-09-08,3.5775
2011-09-09,3.76756
2011-09-26,2.65712
2011-09-27,2.5235
2011-09-28,2.60357
2011-09-29,2.58541
2011-09-30,2.58926
2011-10-01,2.4659
2011-10-02,2.54208
2011-10-05,2.32912
2011-10-06,2.11426
2011-10-07,2.00668
2011-10-18,1.86241
2011-10-19,0.652675
2011-10-20,1.72071
2011-10-21,1.49059
2011-10-22,1.47821
2011-10-23,0.616375
2011-10-24,1.36672
2011-10-25,0.304425
2011-10-26,1.60258
2011-10-27,1.39095
2011-10-28,1.43614
2011-11-11,1.09455
2011-11-14,1.07043
2011-11-15,0.138763
2011-11-16,0.6522
2011-11-17,0.958963
2011-11-18,0.9544
2012-01-26,0.870237
2012-01-27,0.72625
2012-01-31,0.557612
2012-02-01,1.09965
2012-02-02,1.14928
2012-02-03,1.03755
2012-02-22,1.03964
2012-02-23,1.6542
2012-02-28,0.802225
2012-02-29,1.93974
2012-03-01,1.95354
2012-03-02,1.76046
2012-03-03,1.77031
2012-03-05,2.49105
2012-03-06,1.55975
2012-03-07,1.79736
2012-03-08,1.61522
2012-03-09,1.97458
2012-03-10,2.253
2012-03-11,2.29767
2012-03-12,2.10815
2012-03-13,2.31611
2012-03-14,2.53108
2012-03-19,1.14328
2012-03-22,1.67725
2012-03-23,0.71965
2012-03-24,0.703525
2012-03-25,0.9116
2012-03-26,0.708525
2012-03-27,1.2334
2012-03-28,0.823075
2012-03-29,3.03947
2012-03-30,3.09335
2012-03-31,3.31293
2012-04-01,0.715425
2012-04-02,0.242675
2012-04-03,0.5083
2012-04-04,0.09725
2012-04-05,0.6742
2012-04-06,0.7508
2012-04-07,0.63395
2012-04-08,0.76345
2012-04-09,0.762275
2012-04-10,0.162075
2012-04-11,0.14445
2012-04-12,0.567375
2012-04-13,0.14485
2012-04-14,0.264375
2012-04-15,0.167025
2012-04-16,0.791425
2012-04-17,3.6219
2012-04-18,0.714375
2012-04-19,0.406025
2012-04-20,0.71965
2012-04-21,0.7989
2012-04-22,0.753
2012-04-23,1.4491
2012-04-24,1.7652
2012-04-27,3.04688
2012-05-04,1.59837
2012-05-05,0.596625
2012-05-06,0.450525
2012-05-07,0.69485
2012-05-08,0.736175
2012-05-09,0.6256
2012-05-10,0.86555
2012-05-11,0.880925
2012-05-12,0.605275
2012-05-13,0.760175
2012-05-14,0.784325
2012-05-15,3.6464
2012-05-16,0.604475
2012-05-17,0.837525
2012-05-18,0.281075
2012-05-21,0.875625
2012-05-22,0.06755
2012-05-23,0.8339
2012-05-24,0.006925
2012-05-25,0.00675
2012-05-28,2.57363
2012-05-29,0.025875
2012-05-30,0.0062
2012-05-31,0.00515
2012-06-01,0.00595
2012-06-04,3.71607
2012-06-05,0.801775
2012-06-06,0.790925
2012-06-07,0.300075
2012-06-08,0.484875
2012-06-09,4.0015
2012-06-10,0.71785
2012-06-11,0.801225
2012-06-12,0.29745
2012-06-13,1.30582
2012-06-14,0.60975
2012-06-15,0.7381
2012-06-16,0.75925
2012-06-17,0.777425
2012-06-18,0.572675
2012-06-19,2.44847
2012-06-20,0.312825
2012-06-21,0.7672
2012-06-22,0.799975
2012-06-23,0.73655
2012-06-24,0.590375
2012-06-25,2.6892
2012-06-26,0.6449
2012-06-27,0.854
2012-06-28,4.2321
2012-06-29,0.58955
2012-06-30,0.6539
2012-07-01,0.510725
2012-07-02,0.36675
2012-07-03,0.485225
2012-07-04,1.38633
2012-07-05,0.66095
2012-07-06,0.495775
2012-07-07,0.806225
2012-07-08,5.10915
2012-07-09,1.65495
2012-07-10,0.00645
2012-07-11,0.747575
2012-07-30,4.22035
2012-07-31,4.84525
2012-08-01,0.75825
2012-08-03,3.54195
2012-08-04,0.012075
2012-08-05,4.32158
2012-08-06,0.7545
2012-08-07,0.8421
2012-08-08,4.18075
2012-08-09,0.8354
2012-08-10,0.822225
2012-08-11,0.8429
2012-08-12,0.767625
2012-08-13,0.76465
2012-08-14,0.7449
2012-08-15,0.7314
2012-08-17,2.0022
2012-09-04,1.48423
2012-09-05,0.63015
2012-09-06,1.46417
2013-09-08,0.335475
2013-09-09,0.167825
2013-09-10,0.005675
2013-09-11,0.031625
2013-09-12,0.033375
2013-09-13,0.0312
2013-10-31,1.20627
2013-11-01,0.5293
2013-11-02,0.200525
2013-11-03,0.398075
2013-11-04,0.2743
2013-11-05,0.990825
2013-11-06,0.5846
2013-11-07,0.59795
2013-11-08,0.219275
2013-11-11,0.318225
2013-11-13,0.84565
2013-11-14,0.352525
2013-11-15,0.163575
2013-11-16,0.497375
2013-11-17,0.25305
2013-11-18,0.078275
2013-11-19,0.052325
2013-11-20,0.08895
2013-11-21,0.156475
2013-11-22,0.40435
2013-11-23,0.35925
2013-11-24,0.3618
2013-11-25,0.52605
2013-11-26,0.357275
2013-11-27,0.523275
2013-11-28,0.35975
2013-11-29,0.394725
2013-12-10,0.405975
2013-12-11,0.388625
2013-12-12,0.373225
2013-12-17,0.476325
2013-12-18,0.270625
2013-12-19,0.20485
2013-12-20,0.1116
2013-12-21,0.363525
2013-12-22,0.348725
2013-12-23,0.3287
2013-12-24,0.170575
2013-12-25,0.1005
2013-12-26,0.02
2013-12-27,0.372
2013-12-28,0.26335
2013-12-29,0.33355
2013-12-30,0.371725
2013-12-31,0.356675
2014-07-01,0.5209
2014-07-02,0.3046
2014-07-03,0.512275
2014-07-04,0.42695
2014-07-05,0.5794
2014-07-06,1.0394
2014-07-07,0.5143
2014-07-08,0.086275
2014-07-09,0.52405
2014-07-10,0.525
2014-07-11,0.4069
2014-07-12,0.9015
2014-07-13,0.582475
2014-07-14,0.994625
2014-07-15,0.564725
2014-07-16,0.9623
2014-07-17,0.5617
2014-07-18,1.07142
2014-07-19,0.400075
2014-07-20,0.052375
2014-07-21,0.534425
2014-07-22,0.650425
2014-07-23,0.615525
2014-07-24,0.45135
2014-07-25,0.534875
2014-07-26,0.676125
2014-07-27,0.522525
2014-07-28,0.93285
2014-07-29,0.458025
2014-07-30,1.00122
2014-07-31,0.606175
2014-08-01,0.360325
2014-08-02,0.281825
2014-08-03,0.6705
2014-08-04,0.491075
2014-08-05,0.94825
2014-08-06,0.563425
2014-08-07,1.02673
2014-08-08,0.449575
2014-08-09,0.358875
2014-08-10,0.098975
2014-08-11,1.84063
2014-08-12,0.405675
2014-08-13,0.166575
2014-08-14,4.51662
2014-08-15,1.00203
2014-08-16,0.54865
2014-08-17,1.05385
2014-08-18,0.426525
2014-08-19,0.6766
2014-08-20,0.5664
2014-08-22,0.564225
2014-08-23,0.97605
2014-08-24,0.626075
2014-08-25,1.1918
2014-08-26,0.1585
2014-08-27,1.1237
2014-08-28,0.66405
2014-08-29,1.15402
2014-08-30,0.649225
2014-08-31,0.93295
2014-09-01,0.719725
2014-09-02,1.12692
2014-09-03,0.581325
2014-09-04,0.905
2014-09-05,0.467025
2014-09-06,1.0811
2014-09-07,0.675225
2014-09-08,1.09927
2014-09-09,0.528075
2014-09-10,1.14895
2014-09-11,0.64005
2014-09-12,0.976725
2014-09-13,0.63765
2014-09-14,1.07755
2014-09-15,0.310525
2014-09-16,1.05872
2014-09-17,0.31115
2014-09-18,0.27915
2014-09-19,0.1772
2014-09-20,0.724775
2014-09-21,0.681675
2014-09-22,1.10385
2014-09-23,0.73925
2014-09-24,1.15052
2014-09-25,1.0467
2014-10-03,0.505325
2014-10-04,0.834975
2014-10-05,0.52935
2014-10-06,1.03595
2014-10-07,0.164725
2014-10-08,0.491375
2014-10-09,0.4624
2014-10-10,0.883
2014-10-11,0.2044
2014-10-12,0.475825
2014-10-13,0.41485
2014-10-14,0.74735
2014-10-15,0.62005
2014-10-16,0.274475
2014-10-17,0.64075
2014-10-20,0.779925
2014-10-21,0.3583
2014-10-22,0.69555
2014-10-23,0.655675
2014-10-24,1.04072
2014-10-27,0.4077
2014-10-28,0.480375
2014-10-29,0.522775
2014-10-30,1.0485
2014-10-31,0.56455
2014-11-01,1.10035
2014-11-02,0.60005
2014-11-03,0.91215
2014-11-04,0.377675
2014-11-05,0.276325
2014-11-06,0.450075
2014-11-07,1.0324
2014-11-08,0.58305
2014-11-14,0.9208
2014-11-15,0.3584
2014-11-16,0.3913
2014-11-17,0.2448
2014-11-18,0.427775
2014-11-19,0.930925
2014-11-20,0.879475
2014-11-21,1.06502
2014-11-22,0.483025
2014-11-23,0.587225
2014-11-25,0.585375
2014-11-26,0.1185
2014-11-27,0.148475
2014-11-28,0.0855
2014-12-01,0.370875
2014-12-02,0.3846
2014-12-03,0.358475
2014-12-04,0.134325
2014-12-05,0.55245
2014-12-06,0.108325
2014-12-07,0.584575
2014-12-08,0.342775
2014-12-09,0.47655
2014-12-10,0.3608
2014-12-11,0.61585
2014-12-12,0.359025
2014-12-13,0.466525
2014-12-14,0.2426
2014-12-15,0.585425
2014-12-16,0.268925
2014-12-17,0.390925
2014-12-18,0.348225
2014-12-19,0.584725
2014-12-20,0.3897
2014-12-21,0.69975
2014-12-22,0.4994
2014-12-23,0.76285
2014-12-24,0.366475
2014-12-25,0.278675
2014-12-26,0.337925
2014-12-27,0.018275
2014-12-28,0.339875
2014-12-29,0.6065
2014-12-30,0.375725
2014-12-31,0.6798
2015-07-01,0.341275
2015-07-02,0.86605
2015-07-03,0.484475
2015-07-04,0.6649
2015-07-05,0.5493
2015-07-06,0.761625
2015-07-07,0.00525
2015-07-08,1.00273
2015-07-09,5.6369
2015-07-10,0.007975
2015-07-11,1.65357
2015-07-12,0.00735
2015-07-20,5.37383
2015-07-21,5.27128
2015-07-22,0.584525
2015-07-23,0.8929
2015-07-24,0.622225
2015-07-25,1.1445
2015-07-26,0.639825
2015-07-27,1.16375
2015-07-28,0.634025
2015-07-29,1.21493
2015-07-30,0.54955
2015-07-31,1.13755
2015-08-01,0.28025
2015-08-02,1.07465
2015-08-03,0.65305
2015-08-04,1.22025
2015-08-05,0.660275
2015-08-06,1.05543
2015-08-07,0.6287
2015-08-08,1.02638
2015-08-09,0.038025
2015-08-10,0.589325
2015-08-11,0.561825
2015-08-12,0.96045
2015-08-13,0.5693
2015-08-14,0.491725
2015-08-15,0.511875
2015-08-16,0.3878
2015-08-17,0.63685
2015-08-18,1.0968
2015-08-19,0.3728
2015-08-20,1.11723
2015-08-21,0.611575
2015-08-22,1.01902
2015-08-23,0.740025
2015-08-24,0.147925
2015-08-25,0.674425
2015-08-26,1.15003
2015-08-27,0.600725
2015-08-28,0.9904
2015-08-29,0.645325
2015-08-30,1.06702
2015-08-31,0.629075
2015-09-01,0.65775
2015-09-02,0.798275
2015-09-03,0.87
2015-09-04,0.6688
2015-09-07,0.38625
2015-09-08,0.994625
2015-09-09,0.458375
2015-09-10,0.9462
2015-09-11,0.12025
2015-09-12,0.9621
2015-09-13,0.053975
2015-09-14,0.834825
2015-09-15,0.362925
2015-09-16,0.270875
2015-09-17,0.51
2015-09-18,0.405625
2015-09-19,0.6798
2015-09-20,0.7185
2015-09-21,0.69785
2015-09-23,0.969175
2015-09-24,0.685775
2015-09-25,0.76555
2015-09-26,0.7587
2015-09-27,0.574025
2015-09-28,0.481025
2015-09-29,0.42205
2015-09-30,0.69025
2015-10-01,0.67395
2015-10-02,0.2718
2015-10-03,0.52275
2015-10-04,0.769175
2015-10-05,0.8051
2015-10-06,0.414975
2015-10-07,0.715825
2015-10-13,0.229625
2015-10-14,0.67255
2015-10-15,0.470875
2015-10-16,0.635375
2015-10-17,0.637625
2015-10-18,0.55595
2015-10-19,0.6398
2015-10-20,0.645725
2015-10-21,0.29735
2015-10-22,0.644325
2015-10-23,0.67365
2015-10-24,0.6969
2015-10-25,0.4536
2015-10-26,0.61115
2015-10-27,0.49545
2015-10-28,0.1846
2015-10-29,0.575925
2015-10-30,0.733775
2015-10-31,0.719525
2015-11-01,0.6869
2015-11-02,0.6285
2015-11-03,0.569675
2015-11-04,0.5648
2015-11-05,0.5815
2015-11-06,0.63575
2015-11-07,0.6943
2015-11-08,0.66915
2015-11-16,0.577025
2015-11-17,0.4764
2015-11-18,0.518775
2015-11-19,0.5002
2015-11-20,0.1205
2015-11-21,0.408475
2015-11-22,0.422025
2015-11-23,0.45875
2015-11-24,0.478125
2015-11-25,0.373625
2015-11-26,0.45505
2015-11-27,0.476775
2015-11-28,0.4433
2015-11-29,0.4807
2015-11-30,0.498975
2015-12-04,0.493125
2015-12-05,0.36935
2015-12-06,0.44535
2015-12-07,0.398775
2015-12-08,0.387975
2015-12-09,0.402525
2015-12-10,0.40705
2015-12-11,0.394475
2015-12-12,0.374625
2015-12-13,0.36625
2015-12-14,0.35835
2015-12-15,0.46455
2015-12-16,0.467325
2015-12-17,0.405775
2015-12-18,0.392925
2015-12-19,0.4569
2015-12-20,0.43485
2015-12-21,0.237525
2015-12-22,0.467425
2015-12-23,0.419775
2015-12-24,0.2634
2015-12-25,0.4242
2015-12-26,0.4332
2015-12-27,0.432975
2015-12-28,0.375225
2015-12-29,0.389525
2015-12-30,0.364875
2015-12-31,0.314625
2016-07-01,0.6384
2016-07-02,0.604975
2016-07-03,0.67045
2016-07-04,0.66375
2016-07-05,5.03897
2016-07-06,0.67885
2016-07-07,0.6737
2016-07-08,0.44495
2016-07-09,0.682525
2016-07-10,0.608425
2016-07-11,0.567425
2016-07-12,0.542475
2016-07-13,0.660275
2016-07-14,0.6392
2016-07-15,0.6177
2016-07-16,0.67955
2016-07-17,0.75565
2016-07-18,0.6771
2016-07-19,0.76615
2016-07-20,0.7022
2016-07-21,0.6156
2016-07-22,0.004325
2016-07-23,0.076025
2016-07-24,0.57375
2016-07-25,0.655425
2016-07-26,0.6066
2016-07-27,0.579775
2016-07-28,0.659275
2016-07-29,0.67235
2016-07-30,0.63485
2016-07-31,0.368225
2016-08-01,0.64575
2016-08-02,0.724725
2016-08-03,0.753125
2016-08-04,0.656675
2016-08-05,0.39875
2016-08-06,0.742725
2016-08-07,0.754725
2016-08-08,0.73075
2016-08-09,0.169025
2016-08-10,0.61655
2016-08-11,0.599525
2016-08-12,0.744525
2016-08-13,0.689425
2016-08-14,0.6578
2016-08-15,0.631875
2016-08-16,0.62795
2016-08-17,0.653775
2016-08-18,0.4596
2016-08-19,0.627525
2016-08-20,0.232425
2016-08-21,0.70565
2016-08-22,0.755925
2016-08-23,0.789175
2016-08-24,0.75385
2016-08-25,0.560575
2016-08-26,0.727975
2016-08-27,0.562475
2016-08-28,0.713325
2016-08-29,0.69695
2016-08-30,0.355575
2016-08-31,0.593525
2016-09-01,0.7068
2016-09-02,0.732925
2016-09-03,0.557725
2016-09-04,0.5422
2016-09-05,0.6835
2016-09-06,0.8172
2016-09-07,0.6199
2016-09-08,0.74045
2016-09-09,0.7325
2016-09-10,0.707
2016-09-11,0.732575
2016-09-12,0.474
2016-09-13,0.65935
2016-09-14,0.6784
2016-09-15,0.073675
2016-09-16,0.21715
2016-09-17,0.578325
2016-09-18,0.64405
2016-09-19,0.553575
2016-09-20,0.75765
2016-09-21,0.40815
2016-09-22,0.7393
2016-09-23,0.7334
2016-09-24,0.4843
2016-09-25,0.68695
2016-09-26,0.677125
2016-09-27,0.462875
2016-09-28,0.74145
2016-09-29,0.773625
2016-09-30,0.732
2016-10-01,0.46875
2016-10-02,0.6317
2016-10-03,0.737825
2016-10-04,0.7115
2016-10-05,0.730975
2016-10-06,0.31835
2016-10-07,0.575875
2016-10-08,0.59825
2016-10-09,0.592425
2016-10-10,0.619075
2016-10-11,0.614725
2016-10-12,0.633175
2016-10-13,0.0711
2016-10-17,0.565625
2016-10-18,0.716625
2016-10-19,0.783625
2016-10-20,0.584275
2016-10-21,0.58305
2016-10-22,0.616425
2016-10-23,0.162775
2016-10-24,0.245275
2016-10-25,0.5072
2016-10-26,0.48575
2016-10-27,0.741875
2016-10-28,0.7541
2016-10-29,0.758775
2016-10-30,0.793575
2016-10-31,0.642075
2016-11-01,0.6768
2016-11-02,0.44595
2016-11-07,1.05052
2016-11-08,0.594425
2016-11-09,0.317775
2016-11-10,0.07835
2016-11-11,0.099075
2016-11-12,0.231025
2016-11-13,0.190625
2016-11-17,0.78745
2016-11-18,0.11075
2016-11-19,0.735075
2016-11-20,0.17455
2016-11-21,0.023675
2016-11-22,0.12445
2016-11-23,0.171725
2016-11-28,0.557075
2016-11-29,0.20755
2016-11-30,0.50655
2016-12-01,0.524425
2016-12-02,0.326975
2016-12-03,0.108425
2016-12-04,0.175475
2016-12-05,0.773875
2016-12-06,0.296525
2016-12-07,0.127075
2016-12-08,0.16195
2016-12-09,0.3278
2016-12-10,0.325175
2016-12-11,0.241975
2016-12-12,0.596825
2016-12-13,0.24085
2016-12-14,0.215875
2016-12-15,0.036825
2016-12-16,0.589275
2016-12-17,0.520187
2016-12-18,0.558325
2016-12-19,0.22745
2016-12-20,0.16405
2016-12-21,0.330725
2016-12-22,0.590425
2016-12-23,0.6296
2016-12-24,0.714175
2016-12-25,0.616725
2016-12-26,0.71825
2016-12-27,0.5788
2016-12-28,0.7471
2016-12-29,0.64
2016-12-30,0.689675
2016-12-31,0.744575
2017-07-01,5.16365
2017-07-02,5.96777
2017-07-03,5.15363
2017-07-04,5.40355
2017-07-05,5.44075
2017-07-06,5.42775
2017-07-07,5.2775
2017-07-08,4.51225
2017-07-09,3.82625
2017-07-10,4.8281
2017-07-11,3.23793
2017-07-12,5.47258
2017-07-13,5.0624
2017-07-14,5.1401
2017-07-15,4.46497
2017-07-16,5.3457
2017-07-17,4.41792
2017-07-18,5.03015
2017-07-19,3.7473
2017-07-20,4.9375
2017-07-21,4.93135
2017-07-22,5.01372
2017-07-23,4.37325
2017-07-24,4.95078
2017-07-25,0.002925
2017-07-26,0.000975
2017-07-27,0.0028
2017-07-29,3.91363
2017-07-30,4.31163
2017-07-31,4.58953
2017-08-01,3.81925
2017-08-02,4.09837
2017-08-03,4.12187
2017-08-04,2.13105
2017-08-05,5.1022
2017-08-06,2.00353
2017-08-07,3.99865
2017-08-08,0.8392
2017-08-09,4.21392
2017-08-10,1.6553
2017-08-11,2.27732
2017-08-12,4.7026
2017-08-13,4.83493
2017-08-14,4.49645
2017-08-15,3.9168
2017-08-16,3.49145
2017-08-17,4.58655
2017-08-18,4.31567
2017-08-19,3.91083
2017-08-20,3.99373
2017-08-21,4.64978
2017-08-22,4.45835
2017-08-23,3.69035
2017-08-24,3.7868
2017-08-25,3.7655
2017-08-26,4.14358
2017-08-27,3.88485
2017-08-28,1.43193
2017-08-29,3.64812
2017-08-30,4.07638
2017-08-31,1.1653
2017-09-01,3.58457
2017-09-02,3.08095
2017-09-03,3.46403
2017-09-04,3.71548
2017-09-05,3.89887
2017-09-06,2.77938
2017-09-07,3.66324
2017-09-08,2.98082
2017-09-09,1.0045
2017-09-10,3.22805
2017-09-11,3.39722
2017-09-12,3.16068
2017-09-13,3.15637
2017-09-14,2.74837
2017-09-15,3.33348
2017-09-16,2.86532
2017-09-17,2.0613
2017-09-18,2.60165
2017-09-19,2.50668
2017-09-20,2.63372
2017-09-21,2.841
2017-09-22,2.54792
2017-09-23,2.6373
2017-09-24,2.81312
2017-09-25,1.82728
2017-09-26,2.43635
2017-09-27,2.69513
2017-09-28,1.926
2017-09-29,2.2557
2017-09-30,0.621225
2017-10-01,1.59655
2017-10-02,2.56785
2017-10-03,0.924675
2017-10-04,2.96065
2017-10-05,2.64005
2017-10-06,2.52192
2017-10-07,2.47682
2017-10-08,2.3573
2017-10-09,1.4648
2017-10-10,0.178
2017-10-11,2.1789
2017-10-12,2.24682
2017-10-13,2.25027
2017-10-14,1.9504
2017-10-15,1.7868
2017-10-16,1.74513
2017-10-17,1.58843
2017-10-18,1.50245
2017-10-19,1.26517
2017-10-20,1.35407
2017-10-21,1.20572
2017-10-22,1.35403
2017-10-23,1.6448
2017-10-24,1.16402
2017-10-25,1.19185
2017-10-26,0.685925
2017-10-27,0.9443
2017-10-28,1.54505
2017-10-29,1.46823
2017-10-30,1.49725
2017-10-31,1.19455
